Workbook

Sheet Інструкція
A1: Інструкція користування файлом
A2: Графіки вивезення ТПВ — КП «Послуга», Прилуцька міська рада
A4: 1. Структура файлу
A5: Аркуш | B5: Призначення | C5: Чи можна редагувати
A6: Інструкція | B6: Цей аркуш — опис структури та правил роботи. | C6: —
A7: Зміст | B7: Перелік аркушів із коротким описом. | C7: Так
A8: Зведена_по_адресах | B8: ГОЛОВНА таблиця: усі адреси × дні тижня з часом вивозу, кількість вивозів, маршрут, авто, координати. | C8: Ні — формули
A9: Зведена_детальна | B9: Перелік усіх 1009 зупинок окремими рядками (вулиця, будинок, день, час, маршрут, авто, лист-джерело). | C9: Ні — знімок даних
A10: Дані_зв'язок | B10: СЛУЖБОВИЙ. Посилання формулами на кожен рядок вихідних графіків. Проміжна ланка між джерелом і зведеною. | C10: Ні — не чіпати
A11: Геокодування | B11: Результат геокодування адрес (широта/довгота + формалізована адреса від сервісу). | C11: Так — можна доповнювати
A12: Координати майданчиків | B12: 61 контейнерний майданчик і сміттєприймальний пункт із точними координатами. | C12: Так
A13: М5_… , М1_… та інші 9 аркушів | B13: ПЕРВИННІ ДАНІ — графіки з відсканованих документів. Джерело для всіх розрахунків. | C13: Так — тут вносяться зміни
A15: 2. Як оновлюються дані
A16: Ланцюг: | B16: Вихідні аркуші маршрутів → Дані_зв'язок → Зведена_по_адресах
B17: Змінили час або назву вулиці у вихідному аркуші — зведена оновиться САМА, перераховувати нічого не треба.
A18: ВАЖЛИВО: | B18: Якщо у вихідному графіку з'явилася НОВА адреса (якої раніше не було) — вона НЕ додасться автоматично.
B19: Список адрес у службовій колонці O аркуша «Зведена_по_адресах» — статичний. Нову адресу треба дописати туди у форматі: вулиця|будинок
B20: Приклад: вул. Київська|140 (якщо будинку немає — просто: вул. Київська| )
A22: 3. Легенда кольорів на аркуші «Зведена_по_адресах»
A23: Зелена заливка клітинки дня | B23: Є вивезення ТПВ цього дня. У клітинці — час (кілька значень через кому = кілька вивозів). | C23: зразок
A24: Оранжева заливка + «×» | B24: Вивезення великогабаритних відходів (ВГВ). Час у первинному графіку не вказано. | C24: зразок
A25: Синя заливка адреси | B25: На цій адресі є контейнерний майданчик. Координати взято з аркуша «Координати майданчиків». | C25: зразок
A26: Червоний текст адреси | B26: Вивезення лише 1 раз на тиждень. | C26: зразок
A27: Зелений колір цифр/тексту | B27: Значення підтягується формулою з іншого аркуша (не вводити вручну). | C27: зразок
A29: 4. Колонки аркуша «Зведена_по_адресах» (колонка → що містить → джерело)
A30: A | B30: Назва вулиці | C30: Формула — з колонки O
A31: B | B31: Будинок / об'єкт | C31: Формула — з колонки O
A32: C–I | B32: Понеділок … Неділя | C32: Формула — час вивозу з «Дані_зв'язок»
A33: J | B33: Вивозів/тиждень | C33: Формула — рахує КОЖЕН час, а не дні (2 часи в одному дні = 2 вивози)
A34: K | B34: Маршрут(и) | C34: Формула — перелік маршрутів без повторів
A35: L | B35: Автомобіль(і) | C35: Формула — перелік авто без повторів
A36: M | B36: Контейнери | C36: Формула — максимальна кількість по адресі
A37: O | B37: Ключ (службова) | C37: СТАТИЧНО. Формат: вулиця|будинок. Керує всім рядком — якщо порожньо, рядок пустий.
A38: P | B38: Номер для геокоду | C38: Формула — найменший номер із переліку («2,10 24» → 2)
A39: Q | B39: Повна адреса для запиту | C39: Формула — рядок для геокодера
A40: R, S | B40: Широта / Довгота | C40: Формула — спершу з «Координати майданчиків», інакше з «Геокодування»
A41: T | B41: Майданчик | C41: СТАТИЧНО. Назва майданчика. Наявність значення = синя заливка адреси.
A43: 5. Важливі застереження
A44: Порожні координати | B44: Заповнено 199 із 464 адрес. Порожньо там, де геокодер не знайшов точну адресу (повернув центр міста) або дав хибну локацію (інше місто). Вигаданих координат у файлі НЕМА.
A45: Майданчики | B45: Зіставлено 38 із 61. Решту 23 не зіставлено, бо у графіках вивозу немає таких адрес (напр. Вокзальна 10 і 46 — у графіку є 3, 12, 29, 35).
A46: Колонка «Змішані» (Координати майданчиків) | B46: Частина значень має зірочку (3*, 5*, 7*) — позначка з первинного документа. Тому колонка текстова і суми по ній немає.
A47: Google Sheets | B47: Формули написані на сумісних функціях (без UNIQUE/FILTER/SORT/LET/TEXTSPLIT), тому файл відкривається і на Google Диску.
A48: Аркуш М6_АТ4021_0586 | B48: У первинному скані дні тижня не читалися — були позначені «День 1…5». Прийнято: День 1 = Понеділок … День 5 = П'ятниця.

Sheet Зміст
A1: Графіки вивезення ТПВ КП "Послуга" — Прилуцька міська рада
A2: Джерело: 9 сканованих графіків (SCAN0584-SCAN0592). Кожен лист відповідає одному скану.
A4: № | B4: Лист | C4: Опис
A5: 1 | B5: М5_МАЗ4381_0592 | C5: Графік вивезення ТПВ (побутові відходи) — Маршрут №5, автомобіль МАЗ 4381, реєстр. №СВ 81-71 ВК
A6: 2 | B6: М1_КАМАЗ55111_0591 | C6: Графік вивезення ТПВ — Маршрут №1, автомобіль КАМАЗ 55111, реєстр. №СВ 50-33 АР
A7: 3 | B7: М3-4_ГАЗ3309_0590 | C7: Графік вивезення ТПВ — Маршрут №3 і №4, автомобіль ГАЗ 3309, реєстр. №СВ 17-85 ВН
A8: 4 | B8: М2_ВГВ_РеноЛендер_0589 | C8: Графік вивезення великогабаритних побутових відходів — Маршрут №2, автомобіль Рено Лендер, реєстр. №СВ 52-62 СА
A9: 5 | B9: М2_АТ4021-1120_0588 | C9: Графік вивезення ТПВ — Маршрут №2, автомобіль АТ 4021/1120, реєстр. №СВ 64-11 ЕТ
A10: 6 | B10: М3_МАЗ4371_0587 | C10: Графік вивезення ТПВ — Маршрут №3, автомобіль МАЗ-4371, реєстр. №СВ 53-06 СА
A11: 7 | B11: М6_АТ4021_0586 | C11: Графік вивезення ТПВ — Маршрут №6, автомобіль АТ 4021, реєстр. №СВ 33-16 ЕО*
A12: 8 | B12: М1-2_АТ4021-1120_0585 | C12: Графік вивезення ТПВ — Маршрут №1 і №2, автомобіль АТ-4021/1120, реєстр. №СВ 14-65 ЕО
A13: 9 | B13: М4_АТ4042ROD_0584 | C13: Графік вивезення ТПВ — Маршрут №4, автомобіль АТ 40-42/ROD21003, реєстр. №СВ 33-15 ЕО
A15: Зведені таблиці
A16: 1 | B16: Зведена_по_адресах | C16: Зведена таблиця (на формулах): унікальні адреси × дні тижня з часом вивозу, вивозів/тиждень, маршрут, автомобіль. Оновлюється автоматично.
A17: 2 | B17: Зведена_детальна | C17: Детальний перелік усіх 1009 зупинок: вулиця, будинок, день, час, маршрут, авто, контейнери, лист-джерело
A18: 3 | B18: Дані_зв'язок | C18: Службовий аркуш: формульні посилання на всі 1009 рядків вихідних графіків. Ланцюг: вихідні аркуші → Дані_зв'язок → Зведена_по_адресах.
A19: 4 | B19: Геокодування | C19: Результат геокодування адрес: широта, довгота, формалізована адреса від сервісу
A20: 5 | B20: Координати майданчиків | C20: 61 контейнерний майданчик і сміттєприймальний пункт із точними координатами (єдина таблиця)
A22: Початок роботи
A23: → | B23: Інструкція | C23: ПОЧНІТЬ ЗВІДСИ: структура файлу, як оновлюються дані, легенда кольорів, опис колонок, застереження

Sheet Дані_зв'язок
A1: Проміжний аркуш: посилання на вихідні графіки. Не редагувати вручну — усі значення тягнуться формулами.
A3: Вулиця | B3: Будинок | C3: День тижня | D3: Час | E3: Маршрут | F3: Автомобіль | G3: Реєстр. № | H3: Контейнери | J3: Ключ (вулиця|будинок) | K3: Час (число) | L3: Маршрут 1-й раз | M3: Авто 1-й раз
A4: =IFERROR(М5_МАЗ4381_0592!B187,"") -> 1 в'їзд Вишневий | B4: =IFERROR(IF(М5_МАЗ4381_0592!C187="","",TEXT(М5_МАЗ4381_0592!C187,"General")),"") | C4: ="П'ятниця" -> П'ятниця | D4: =IFERROR(TEXT(М5_МАЗ4381_0592!D187,"h:mm"),"") -> 13:00 | E4: ="№5" -> №5 | F4: ="МАЗ 4381" -> МАЗ 4381 | G4: ="СВ 81-71 ВК" -> СВ 81-71 ВК | J4: =IF(A4="","",A4&"|"&B4) -> 1 в'їзд Вишневий| | K4: =IFERROR(IF(D4="","",IF(D4="×",9.99,TIMEVALUE(D4))),9.99) -> 0.54166667 | L4: =IF($A4="","",IF(COUNTIFS($J$4:$J4,$J4,$E$4:$E4,$E4)=1,$E4,"")) -> №5 | M4: =IF($A4="","",IF(COUNTIFS($J$4:$J4,$J4,$F$4:$F4,$F4)=1,$F4,"")) -> МАЗ 4381
A5: =IFERROR(М5_МАЗ4381_0592!B128,"") -> 1 пров. Європейський | B5: =IFERROR(IF(М5_МАЗ4381_0592!C128="","",TEXT(М5_МАЗ4381_0592!C128,"General")),"") | C5: ="Четвер" -> Четвер | D5: =IFERROR(TEXT(М5_МАЗ4381_0592!D128,"h:mm"),"") -> 9:00 | E5: ="№5" -> №5 | F5: ="МАЗ 4381" -> МАЗ 4381 | G5: ="СВ 81-71 ВК" -> СВ 81-71 ВК | J5: =IF(A5="","",A5&"|"&B5) -> 1 пров. Європейський| | K5: =IFERROR(IF(D5="","",IF(D5="×",9.99,TIMEVALUE(D5))),9.99) -> 0.375 | L5: =IF($A5="","",IF(COUNTIFS($J$4:$J5,$J5,$E$4:$E5,$E5)=1,$E5,"")) -> №5 | M5: =IF($A5="","",IF(COUNTIFS($J$4:$J5,$J5,$F$4:$F5,$F5)=1,$F5,"")) -> МАЗ 4381
A6: =IFERROR(М5_МАЗ4381_0592!B63,"") -> 1 пров. І. Сірка | B6: =IFERROR(IF(М5_МАЗ4381_0592!C63="","",TEXT(М5_МАЗ4381_0592!C63,"General")),"") | C6: ="Вівторок" -> Вівторок | D6: =IFERROR(TEXT(М5_МАЗ4381_0592!D63,"h:mm"),"") -> 12:20 | E6: ="№5" -> №5 | F6: ="МАЗ 4381" -> МАЗ 4381 | G6: ="СВ 81-71 ВК" -> СВ 81-71 ВК | J6: =IF(A6="","",A6&"|"&B6) -> 1 пров. І. Сірка| | K6: =IFERROR(IF(D6="","",IF(D6="×",9.99,TIMEVALUE(D6))),9.99) -> 0.51388889 | L6: =IF($A6="","",IF(COUNTIFS($J$4:$J6,$J6,$E$4:$E6,$E6)=1,$E6,"")) -> №5 | M6: =IF($A6="","",IF(COUNTIFS($J$4:$J6,$J6,$F$4:$F6,$F6)=1,$F6,"")) -> МАЗ 4381
A7: =IFERROR(М5_МАЗ4381_0592!B96,"") -> 1 пров. Андріївський | B7: =IFERROR(IF(М5_МАЗ4381_0592!C96="","",TEXT(М5_МАЗ4381_0592!C96,"General")),"") | C7: ="Середа" -> Середа | D7: =IFERROR(TEXT(М5_МАЗ4381_0592!D96,"h:mm"),"") -> 10:40 | E7: ="№5" -> №5 | F7: ="МАЗ 4381" -> МАЗ 4381 | G7: ="СВ 81-71 ВК" -> СВ 81-71 ВК | J7: =IF(A7="","",A7&"|"&B7) -> 1 пров. Андріївський| | K7: =IFERROR(IF(D7="","",IF(D7="×",9.99,TIMEVALUE(D7))),9.99) -> 0.44444444 | L7: =IF($A7="","",IF(COUNTIFS($J$4:$J7,$J7,$E$4:$E7,$E7)=1,$E7,"")) -> №5 | M7: =IF($A7="","",IF(COUNTIFS($J$4:$J7,$J7,$F$4:$F7,$F7)=1,$F7,"")) -> МАЗ 4381
A8: =IFERROR(М5_МАЗ4381_0592!B141,"") -> 1 пров. В. Стуса | B8: =IFERROR(IF(М5_МАЗ4381_0592!C141="","",TEXT(М5_МАЗ4381_0592!C141,"General")),"") | C8: ="Четвер" -> Четвер | D8: =IFERROR(TEXT(М5_МАЗ4381_0592!D141,"h:mm"),"") -> 12:45 | E8: ="№5" -> №5 | F8: ="МАЗ 4381" -> МАЗ 4381 | G8: ="СВ 81-71 ВК" -> СВ 81-71 ВК | J8: =IF(A8="","",A8&"|"&B8) -> 1 пров. В. Стуса| | K8: =IFERROR(IF(D8="","",IF(D8="×",9.99,TIMEVALUE(D8))),9.99) -> 0.53125 | L8: =IF($A8="","",IF(COUNTIFS($J$4:$J8,$J8,$E$4:$E8,$E8)=1,$E8,"")) -> №5 | M8: =IF($A8="","",IF(COUNTIFS($J$4:$J8,$J8,$F$4:$F8,$F8)=1,$F8,"")) -> МАЗ 4381
A9: =IFERROR(М6_АТ4021_0586!B169,"") -> 1 пров. Героїв Чорнобиля | B9: =IFERROR(IF(М6_АТ4021_0586!C169="","",TEXT(М6_АТ4021_0586!C169,"General")),"") -> 2,10 24 | C9: ="П'ятниця" -> П'ятниця | D9: =IFERROR(TEXT(М6_АТ4021_0586!D169,"h:mm"),"") -> 10:45 | E9: ="№6" -> №6 | F9: ="АТ 4021" -> АТ 4021 | G9: ="СВ 33-16 ЕО" -> СВ 33-16 ЕО | J9: =IF(A9="","",A9&"|"&B9) -> 1 пров. Героїв Чорнобиля|2,10 24 | K9: =IFERROR(IF(D9="","",IF(D9="×",9.99,TIMEVALUE(D9))),9.99) -> 0.44791667 | L9: =IF($A9="","",IF(COUNTIFS($J$4:$J9,$J9,$E$4:$E9,$E9)=1,$E9,"")) -> №6 | M9: =IF($A9="","",IF(COUNTIFS($J$4:$J9,$J9,$F$4:$F9,$F9)=1,$F9,"")) -> АТ 4021
A10: =IFERROR(М6_АТ4021_0586!B129,"") -> 1 пров. Замостянський | B10: =IFERROR(IF(М6_АТ4021_0586!C129="","",TEXT(М6_АТ4021_0586!C129,"General")),"") -> 36,42 54 | C10: ="Четвер" -> Четвер | D10: =IFERROR(TEXT(М6_АТ4021_0586!D129,"h:mm"),"") -> 9:55 | E10: ="№6" -> №6 | F10: ="АТ 4021" -> АТ 4021 | G10: ="СВ 33-16 ЕО" -> СВ 33-16 ЕО | J10: =IF(A10="","",A10&"|"&B10) -> 1 пров. Замостянський|36,42 54 | K10: =IFERROR(IF(D10="","",IF(D10="×",9.99,TIMEVALUE(D10))),9.99) -> 0.41319444 | L10: =IF($A10="","",IF(COUNTIFS($J$4:$J10,$J10,$E$4:$E10,$E10)=1,$E10,"")) -> №6 | M10: =IF($A10="","",IF(COUNTIFS($J$4:$J10,$J10,$F$4:$F10,$F10)=1,$F10,"")) -> АТ 4021
A11: =IFERROR(М5_МАЗ4381_0592!B27,"") -> 1 пров. Зелений | B11: =IFERROR(IF(М5_МАЗ4381_0592!C27="","",TEXT(М5_МАЗ4381_0592!C27,"General")),"") | C11: ="Понеділок" -> Понеділок | D11: =IFERROR(TEXT(М5_МАЗ4381_0592!D27,"h:mm"),"") -> 11:45 | E11: ="№5" -> №5 | F11: ="МАЗ 4381" -> МАЗ 4381 | G11: ="СВ 81-71 ВК" -> СВ 81-71 ВК | J11: =IF(A11="","",A11&"|"&B11) -> 1 пров. Зелений| | K11: =IFERROR(IF(D11="","",IF(D11="×",9.99,TIMEVALUE(D11))),9.99) -> 0.48958333 | L11: =IF($A11="","",IF(COUNTIFS($J$4:$J11,$J11,$E$4:$E11,$E11)=1,$E11,"")) -> №5 | M11: =IF($A11="","",IF(COUNTIFS($J$4:$J11,$J11,$F$4:$F11,$F11)=1,$F11,"")) -> МАЗ 4381
A12: =IFERROR(М5_МАЗ4381_0592!B161,"") -> 1 пров. Змагання | B12: =IFERROR(IF(М5_МАЗ4381_0592!C161="","",TEXT(М5_МАЗ4381_0592!C161,"General")),"") | C12: ="П'ятниця" -> П'ятниця | D12: =IFERROR(TEXT(М5_МАЗ4381_0592!D161,"h:mm"),"") -> 7:25 | E12: ="№5" -> №5 | F12: ="МАЗ 4381" -> МАЗ 4381 | G12: ="СВ 81-71 ВК" -> СВ 81-71 ВК | J12: =IF(A12="","",A12&"|"&B12) -> 1 пров. Змагання| | K12: =IFERROR(IF(D12="","",IF(D12="×",9.99,TIMEVALUE(D12))),9.99) -> 0.30902778 | L12: =IF($A12="","",IF(COUNTIFS($J$4:$J12,$J12,$E$4:$E12,$E12)=1,$E12,"")) -> №5 | M12: =IF($A12="","",IF(COUNTIFS($J$4:$J12,$J12,$F$4:$F12,$F12)=1,$F12,"")) -> МАЗ 4381
A13: =IFERROR(М5_МАЗ4381_0592!B179,"") -> 1 пров. Колгоспний | B13: =IFERROR(IF(М5_МАЗ4381_0592!C179="","",TEXT(М5_МАЗ4381_0592!C179,"General")),"") | C13: ="П'ятниця" -> П'ятниця | D13: =IFERROR(TEXT(М5_МАЗ4381_0592!D179,"h:mm"),"") -> 11:05 | E13: ="№5" -> №5 | F13: ="МАЗ 4381" -> МАЗ 4381 | G13: ="СВ 81-71 ВК" -> СВ 81-71 ВК | J13: =IF(A13="","",A13&"|"&B13) -> 1 пров. Колгоспний| | K13: =IFERROR(IF(D13="","",IF(D13="×",9.99,TIMEVALUE(D13))),9.99) -> 0.46180556 | L13: =IF($A13="","",IF(COUNTIFS($J$4:$J13,$J13,$E$4:$E13,$E13)=1,$E13,"")) -> №5 | M13: =IF($A13="","",IF(COUNTIFS($J$4:$J13,$J13,$F$4:$F13,$F13)=1,$F13,"")) -> МАЗ 4381
A14: =IFERROR(М6_АТ4021_0586!B29,"") -> 1 пров. Межовий | B14: =IFERROR(IF(М6_АТ4021_0586!C29="","",TEXT(М6_АТ4021_0586!C29,"General")),"") -> 1,2 5,8 | C14: ="Понеділок" -> Понеділок | D14: =IFERROR(TEXT(М6_АТ4021_0586!D29,"h:mm"),"") -> 12:35 | E14: ="№6" -> №6 | F14: ="АТ 4021" -> АТ 4021 | G14: ="СВ 33-16 ЕО" -> СВ 33-16 ЕО | J14: =IF(A14="","",A14&"|"&B14) -> 1 пров. Межовий|1,2 5,8 | K14: =IFERROR(IF(D14="","",IF(D14="×",9.99,TIMEVALUE(D14))),9.99) -> 0.52430556 | L14: =IF($A14="","",IF(COUNTIFS($J$4:$J14,$J14,$E$4:$E14,$E14)=1,$E14,"")) -> №6 | M14: =IF($A14="","",IF(COUNTIFS($J$4:$J14,$J14,$F$4:$F14,$F14)=1,$F14,"")) -> АТ 4021
A15: =IFERROR(М5_МАЗ4381_0592!B175,"") -> 1 пров. Оранжерейний | B15: =IFERROR(IF(М5_МАЗ4381_0592!C175="","",TEXT(М5_МАЗ4381_0592!C175,"General")),"") | C15: ="П'ятниця" -> П'ятниця | D15: =IFERROR(TEXT(М5_МАЗ4381_0592!D175,"h:mm"),"") -> 10:25 | E15: ="№5" -> №5 | F15: ="МАЗ 4381" -> МАЗ 4381 | G15: ="СВ 81-71 ВК" -> СВ 81-71 ВК | J15: =IF(A15="","",A15&"|"&B15) -> 1 пров. Оранжерейний| | K15: =IFERROR(IF(D15="","",IF(D15="×",9.99,TIMEVALUE(D15))),9.99) -> 0.43402778 | L15: =IF($A15="","",IF(COUNTIFS($J$4:$J15,$J15,$E$4:$E15,$E15)=1,$E15,"")) -> №5 | M15: =IF($A15="","",IF(COUNTIFS($J$4:$J15,$J15,$F$4:$F15,$F15)=1,$F15,"")) -> МАЗ 4381
A16: =IFERROR(М5_МАЗ4381_0592!B16,"") -> 1 пров. П. Комуни | B16: =IFERROR(IF(М5_МАЗ4381_0592!C16="","",TEXT(М5_МАЗ4381_0592!C16,"General")),"") | C16: ="Понеділок" -> Понеділок | D16: =IFERROR(TEXT(М5_МАЗ4381_0592!D16,"h:mm"),"") -> 8:50 | E16: ="№5" -> №5 | F16: ="МАЗ 4381" -> МАЗ 4381 | G16: ="СВ 81-71 ВК" -> СВ 81-71 ВК | J16: =IF(A16="","",A16&"|"&B16) -> 1 пров. П. Комуни| | K16: =IFERROR(IF(D16="","",IF(D16="×",9.99,TIMEVALUE(D16))),9.99) -> 0.36805556 | L16: =IF($A16="","",IF(COUNTIFS($J$4:$J16,$J16,$E$4:$E16,$E16)=1,$E16,"")) -> №5 | M16: =IF($A16="","",IF(COUNTIFS($J$4:$J16,$J16,$F$4:$F16,$F16)=1,$F16,"")) -> МАЗ 4381
A17: =IFERROR(М6_АТ4021_0586!B108,"") -> 1 пров. Педагогічний | B17: =IFERROR(IF(М6_АТ4021_0586!C108="","",TEXT(М6_АТ4021_0586!C108,"General")),"") -> 9,11 6,3 | C17: ="Середа" -> Середа | D17: =IFERROR(TEXT(М6_АТ4021_0586!D108,"h:mm"),"") -> 15:30 | E17: ="№6" -> №6 | F17: ="АТ 4021" -> АТ 4021 | G17: ="СВ 33-16 ЕО" -> СВ 33-16 ЕО | J17: =IF(A17="","",A17&"|"&B17) -> 1 пров. Педагогічний|9,11 6,3 | K17: =IFERROR(IF(D17="","",IF(D17="×",9.99,TIMEVALUE(D17))),9.99) -> 0.64583333 | L17: =IF($A17="","",IF(COUNTIFS($J$4:$J17,$J17,$E$4:$E17,$E17)=1,$E17,"")) -> №6 | M17: =IF($A17="","",IF(COUNTIFS($J$4:$J17,$J17,$F$4:$F17,$F17)=1,$F17,"")) -> АТ 4021
A18: =IFERROR(М6_АТ4021_0586!B16,"") -> 1 пров. Пирогівський | B18: =IFERROR(IF(М6_АТ4021_0586!C16="","",TEXT(М6_АТ4021_0586!C16,"General")),"") -> 30,24 15,2 | C18: ="Понеділок" -> Понеділок | D18: =IFERROR(TEXT(М6_АТ4021_0586!D16,"h:mm"),"") -> 9:00 | E18: ="№6" -> №6 | F18: ="АТ 4021" -> АТ 4021 | G18: ="СВ 33-16 ЕО" -> СВ 33-16 ЕО | J18: =IF(A18="","",A18&"|"&B18) -> 1 пров. Пирогівський|30,24 15,2 | K18: =IFERROR(IF(D18="","",IF(D18="×",9.99,TIMEVALUE(D18))),9.99) -> 0.375 | L18: =IF($A18="","",IF(COUNTIFS($J$4:$J18,$J18,$E$4:$E18,$E18)=1,$E18,"")) -> №6 | M18: =IF($A18="","",IF(COUNTIFS($J$4:$J18,$J18,$F$4:$F18,$F18)=1,$F18,"")) -> АТ 4021
A19: =IFERROR(М5_МАЗ4381_0592!B21,"") -> 1 пров. Південний | B19: =IFERROR(IF(М5_МАЗ4381_0592!C21="","",TEXT(М5_МАЗ4381_0592!C21,"General")),"") | C19: ="Понеділок" -> Понеділок | D19: =IFERROR(TEXT(М5_МАЗ4381_0592!D21,"h:mm"),"") -> 10:10 | E19: ="№5" -> №5 | F19: ="МАЗ 4381" -> МАЗ 4381 | G19: ="СВ 81-71 ВК" -> СВ 81-71 ВК | J19: =IF(A19="","",A19&"|"&B19) -> 1 пров. Південний| | K19: =IFERROR(IF(D19="","",IF(D19="×",9.99,TIMEVALUE(D19))),9.99) -> 0.42361111 | L19: =IF($A19="","",IF(COUNTIFS($J$4:$J19,$J19,$E$4:$E19,$E19)=1,$E19,"")) -> №5 | M19: =IF($A19="","",IF(COUNTIFS($J$4:$J19,$J19,$F$4:$F19,$F19)=1,$F19,"")) -> МАЗ 4381
A20: =IFERROR(М5_МАЗ4381_0592!B36,"") -> 1 пров. Скоропадського | B20: =IFERROR(IF(М5_МАЗ4381_0592!C36="","",TEXT(М5_МАЗ4381_0592!C36,"General")),"") | C20: ="Понеділок" -> Понеділок | D20: =IFERROR(TEXT(М5_МАЗ4381_0592!D36,"h:mm"),"") -> 14:40 | E20: ="№5" -> №5 | F20: ="МАЗ 4381" -> МАЗ 4381 | G20: ="СВ 81-71 ВК" -> СВ 81-71 ВК | J20: =IF(A20="","",A20&"|"&B20) -> 1 пров. Скоропадського| | K20: =IFERROR(IF(D20="","",IF(D20="×",9.99,TIMEVALUE(D20))),9.99) -> 0.61111111 | L20: =IF($A20="","",IF(COUNTIFS($J$4:$J20,$J20,$E$4:$E20,$E20)=1,$E20,"")) -> №5 | M20: =IF($A20="","",IF(COUNTIFS($J$4:$J20,$J20,$F$4:$F20,$F20)=1,$F20,"")) -> МАЗ 4381
A21: =IFERROR(М5_МАЗ4381_0592!B194,"") -> 1 пров. Східний | B21: =IFERROR(IF(М5_МАЗ4381_0592!C194="","",TEXT(М5_МАЗ4381_0592!C194,"General")),"") | C21: ="П'ятниця" -> П'ятниця | D21: =IFERROR(TEXT(М5_МАЗ4381_0592!D194,"h:mm"),"") -> 14:30 | E21: ="№5" -> №5 | F21: ="МАЗ 4381" -> МАЗ 4381 | G21: ="СВ 81-71 ВК" -> СВ 81-71 ВК | J21: =IF(A21="","",A21&"|"&B21) -> 1 пров. Східний| | K21: =IFERROR(IF(D21="","",IF(D21="×",9.99,TIMEVALUE(D21))),9.99) -> 0.60416667 | L21: =IF($A21="","",IF(COUNTIFS($J$4:$J21,$J21,$E$4:$E21,$E21)=1,$E21,"")) -> №5 | M21: =IF($A21="","",IF(COUNTIFS($J$4:$J21,$J21,$F$4:$F21,$F21)=1,$F21,"")) -> МАЗ 4381
A22: =IFERROR(М6_АТ4021_0586!B35,"") -> 1 пров. Удайський | B22: =IFERROR(IF(М6_АТ4021_0586!C35="","",TEXT(М6_АТ4021_0586!C35,"General")),"") -> 23,33 15,5 | C22: ="Понеділок" -> Понеділок | D22: =IFERROR(TEXT(М6_АТ4021_0586!D35,"h:mm"),"") -> 15:00 | E22: ="№6" -> №6 | F22: ="АТ 4021" -> АТ 4021 | G22: ="СВ 33-16 ЕО" -> СВ 33-16 ЕО | J22: =IF(A22="","",A22&"|"&B22) -> 1 пров. Удайський|23,33 15,5 | K22: =IFERROR(IF(D22="","",IF(D22="×",9.99,TIMEVALUE(D22))),9.99) -> 0.625 | L22: =IF($A22="","",IF(COUNTIFS($J$4:$J22,$J22,$E$4:$E22,$E22)=1,$E22,"")) -> №6 | M22: =IF($A22="","",IF(COUNTIFS($J$4:$J22,$J22,$F$4:$F22,$F22)=1,$F22,"")) -> АТ 4021
A23: =IFERROR(М6_АТ4021_0586!B66,"") -> 1,2 в'їзд Шарапівський | B23: =IFERROR(IF(М6_АТ4021_0586!C66="","",TEXT(М6_АТ4021_0586!C66,"General")),"") -> 1,2 6,7 | C23: ="Вівторок" -> Вівторок | D23: =IFERROR(TEXT(М6_АТ4021_0586!D66,"h:mm"),"") -> 14:30 | E23: ="№6" -> №6 | F23: ="АТ 4021" -> АТ 4021 | G23: ="СВ 33-16 ЕО" -> СВ 33-16 ЕО | J23: =IF(A23="","",A23&"|"&B23) -> 1,2 в'їзд Шарапівський|1,2 6,7 | K23: =IFERROR(IF(D23="","",IF(D23="×",9.99,TIMEVALUE(D23))),9.99) -> 0.60416667 | L23: =IF($A23="","",IF(COUNTIFS($J$4:$J23,$J23,$E$4:$E23,$E23)=1,$E23,"")) -> №6 | M23: =IF($A23="","",IF(COUNTIFS($J$4:$J23,$J23,$F$4:$F23,$F23)=1,$F23,"")) -> АТ 4021
A24: =IFERROR(М3_МАЗ4371_0587!B136,"") -> 2 в'їзд Василя Стуса | B24: =IFERROR(IF(М3_МАЗ4371_0587!C136="","",TEXT(М3_МАЗ4371_0587!C136,"General")),"") | C24: ="П'ятниця" -> П'ятниця | D24: =IFERROR(TEXT(М3_МАЗ4371_0587!D136,"h:mm"),"") -> 13:25 | E24: ="№3" -> №3 | F24: ="МАЗ-4371" -> МАЗ-4371 | G24: ="СВ 53-06 СА" -> СВ 53-06 СА | H24: =IFERROR(М3_МАЗ4371_0587!G136,"") -> 3 | J24: =IF(A24="","",A24&"|"&B24) -> 2 в'їзд Василя Стуса| | K24: =IFERROR(IF(D24="","",IF(D24="×",9.99,TIMEVALUE(D24))),9.99) -> 0.55902778 | L24: =IF($A24="","",IF(COUNTIFS($J$4:$J24,$J24,$E$4:$E24,$E24)=1,$E24,"")) -> №3 | M24: =IF($A24="","",IF(COUNTIFS($J$4:$J24,$J24,$F$4:$F24,$F24)=1,$F24,"")) -> МАЗ-4371
A25: =IFERROR(М5_МАЗ4381_0592!B185,"") -> 2 в'їзд Вишневий | B25: =IFERROR(IF(М5_МАЗ4381_0592!C185="","",TEXT(М5_МАЗ4381_0592!C185,"General")),"") | C25: ="П'ятниця" -> П'ятниця | D25: =IFERROR(TEXT(М5_МАЗ4381_0592!D185,"h:mm"),"") -> 12:35 | E25: ="№5" -> №5 | F25: ="МАЗ 4381" -> МАЗ 4381 | G25: ="СВ 81-71 ВК" -> СВ 81-71 ВК | J25: =IF(A25="","",A25&"|"&B25) -> 2 в'їзд Вишневий| | K25: =IFERROR(IF(D25="","",IF(D25="×",9.99,TIMEVALUE(D25))),9.99) -> 0.52430556 | L25: =IF($A25="","",IF(COUNTIFS($J$4:$J25,$J25,$E$4:$E25,$E25)=1,$E25,"")) -> №5 | M25: =IF($A25="","",IF(COUNTIFS($J$4:$J25,$J25,$F$4:$F25,$F25)=1,$F25,"")) -> МАЗ 4381
A26: =IFERROR(М6_АТ4021_0586!B138,"") -> 2 в'їзд Гоголя | B26: =IFERROR(IF(М6_АТ4021_0586!C138="","",TEXT(М6_АТ4021_0586!C138,"General")),"") -> 4,14 | C26: ="Четвер" -> Четвер | D26: =IFERROR(TEXT(М6_АТ4021_0586!D138,"h:mm"),"") -> 13:15 | E26: ="№6" -> №6 | F26: ="АТ 4021" -> АТ 4021 | G26: ="СВ 33-16 ЕО" -> СВ 33-16 ЕО | J26: =IF(A26="","",A26&"|"&B26) -> 2 в'їзд Гоголя|4,14 | K26: =IFERROR(IF(D26="","",IF(D26="×",9.99,TIMEVALUE(D26))),9.99) -> 0.55208333 | L26: =IF($A26="","",IF(COUNTIFS($J$4:$J26,$J26,$E$4:$E26,$E26)=1,$E26,"")) -> №6 | M26: =IF($A26="","",IF(COUNTIFS($J$4:$J26,$J26,$F$4:$F26,$F26)=1,$F26,"")) -> АТ 4021
A27: =IFERROR('М3-4_ГАЗ3309_0590'!B123,"") -> 2 в-д Небесної Сотні | B27: =IFERROR(IF('М3-4_ГАЗ3309_0590'!C123="","",TEXT('М3-4_ГАЗ3309_0590'!C123,"General")),"") -> НВК | C27: ="Понеділок" -> Понеділок | D27: =IFERROR(TEXT('М3-4_ГАЗ3309_0590'!D123,"h:mm"),"") -> 8:05 | E27: ="№3" -> №3 | F27: ="ГАЗ 3309" -> ГАЗ 3309 | G27: ="СВ 17-85 ВН" -> СВ 17-85 ВН | H27: =IFERROR('М3-4_ГАЗ3309_0590'!G123,"") -> 2 | J27: =IF(A27="","",A27&"|"&B27) -> 2 в-д Небесної Сотні|НВК | K27: =IFERROR(IF(D27="","",IF(D27="×",9.99,TIMEVALUE(D27))),9.99) -> 0.33680556 | L27: =IF($A27="","",IF(COUNTIFS($J$4:$J27,$J27,$E$4:$E27,$E27)=1,$E27,"")) -> №3 | M27: =IF($A27="","",IF(COUNTIFS($J$4:$J27,$J27,$F$4:$F27,$F27)=1,$F27,"")) -> ГАЗ 3309
A28: =IFERROR(М5_МАЗ4381_0592!B125,"") -> 2 пров. Європейський | B28: =IFERROR(IF(М5_МАЗ4381_0592!C125="","",TEXT(М5_МАЗ4381_0592!C125,"General")),"") | C28: ="Четвер" -> Четвер | D28: =IFERROR(TEXT(М5_МАЗ4381_0592!D125,"h:mm"),"") -> 8:25 | E28: ="№5" -> №5 | F28: ="МАЗ 4381" -> МАЗ 4381 | G28: ="СВ 81-71 ВК" -> СВ 81-71 ВК | J28: =IF(A28="","",A28&"|"&B28) -> 2 пров. Європейський| | K28: =IFERROR(IF(D28="","",IF(D28="×",9.99,TIMEVALUE(D28))),9.99) -> 0.35069444 | L28: =IF($A28="","",IF(COUNTIFS($J$4:$J28,$J28,$E$4:$E28,$E28)=1,$E28,"")) -> №5 | M28: =IF($A28="","",IF(COUNTIFS($J$4:$J28,$J28,$F$4:$F28,$F28)=1,$F28,"")) -> МАЗ 4381
A29: =IFERROR(М5_МАЗ4381_0592!B64,"") -> 2 пров. І. Сірка | B29: =IFERROR(IF(М5_МАЗ4381_0592!C64="","",TEXT(М5_МАЗ4381_0592!C64,"General")),"") | C29: ="Вівторок" -> Вівторок | D29: =IFERROR(TEXT(М5_МАЗ4381_0592!D64,"h:mm"),"") -> 12:30 | E29: ="№5" -> №5 | F29: ="МАЗ 4381" -> МАЗ 4381 | G29: ="СВ 81-71 ВК" -> СВ 81-71 ВК | J29: =IF(A29="","",A29&"|"&B29) -> 2 пров. І. Сірка| | K29: =IFERROR(IF(D29="","",IF(D29="×",9.99,TIMEVALUE(D29))),9.99) -> 0.52083333 | L29: =IF($A29="","",IF(COUNTIFS($J$4:$J29,$J29,$E$4:$E29,$E29)=1,$E29,"")) -> №5 | M29: =IF($A29="","",IF(COUNTIFS($J$4:$J29,$J29,$F$4:$F29,$F29)=1,$F29,"")) -> МАЗ 4381
A30: =IFERROR(М4_АТ4042ROD_0584!B58,"") -> 2 пров. Андріївський | B30: =IFERROR(IF(М4_АТ4042ROD_0584!C58="","",TEXT(М4_АТ4042ROD_0584!C58,"General")),"") -> Моноліт | C30: ="Вівторок" -> Вівторок | D30: =IFERROR(TEXT(М4_АТ4042ROD_0584!D58,"h:mm"),"") -> 14:40 | E30: ="№4" -> №4 | F30: ="АТ 40-42/ROD21003" -> АТ 40-42/ROD21003 | G30: ="СВ 33-15 ЕО" -> СВ 33-15 ЕО | H30: =IFERROR(М4_АТ4042ROD_0584!G58,"") -> 2 | J30: =IF(A30="","",A30&"|"&B30) -> 2 пров. Андріївський|Моноліт | K30: =IFERROR(IF(D30="","",IF(D30="×",9.99,TIMEVALUE(D30))),9.99) -> 0.61111111 | L30: =IF($A30="","",IF(COUNTIFS($J$4:$J30,$J30,$E$4:$E30,$E30)=1,$E30,"")) -> №4 | M30: =IF($A30="","",IF(COUNTIFS($J$4:$J30,$J30,$F$4:$F30,$F30)=1,$F30,"")) -> АТ 40-42/ROD21003
A31: =IFERROR(М4_АТ4042ROD_0584!B91,"") -> 2 пров. Андріївський | B31: =IFERROR(IF(М4_АТ4042ROD_0584!C91="","",TEXT(М4_АТ4042ROD_0584!C91,"General")),"") -> Моноліт | C31: ="Четвер" -> Четвер | D31: =IFERROR(TEXT(М4_АТ4042ROD_0584!D91,"h:mm"),"") -> 14:25 | E31: ="№4" -> №4 | F31: ="АТ 40-42/ROD21003" -> АТ 40-42/ROD21003 | G31: ="СВ 33-15 ЕО" -> СВ 33-15 ЕО | H31: =IFERROR(М4_АТ4042ROD_0584!G91,"") -> 1 | J31: =IF(A31="","",A31&"|"&B31) -> 2 пров. Андріївський|Моноліт | K31: =IFERROR(IF(D31="","",IF(D31="×",9.99,TIMEVALUE(D31))),9.99) -> 0.60069444 | L31: =IF($A31="","",IF(COUNTIFS($J$4:$J31,$J31,$E$4:$E31,$E31)=1,$E31,"")) | M31: =IF($A31="","",IF(COUNTIFS($J$4:$J31,$J31,$F$4:$F31,$F31)=1,$F31,""))
A32: =IFERROR(М5_МАЗ4381_0592!B142,"") -> 2 пров. В. Стуса | B32: =IFERROR(IF(М5_МАЗ4381_0592!C142="","",TEXT(М5_МАЗ4381_0592!C142,"General")),"") | C32: ="Четвер" -> Четвер | D32: =IFERROR(TEXT(М5_МАЗ4381_0592!D142,"h:mm"),"") -> 12:55 | E32: ="№5" -> №5 | F32: ="МАЗ 4381" -> МАЗ 4381 | G32: ="СВ 81-71 ВК" -> СВ 81-71 ВК | J32: =IF(A32="","",A32&"|"&B32) -> 2 пров. В. Стуса| | K32: =IFERROR(IF(D32="","",IF(D32="×",9.99,TIMEVALUE(D32))),9.99) -> 0.53819444 | L32: =IF($A32="","",IF(COUNTIFS($J$4:$J32,$J32,$E$4:$E32,$E32)=1,$E32,"")) -> №5 | M32: =IF($A32="","",IF(COUNTIFS($J$4:$J32,$J32,$F$4:$F32,$F32)=1,$F32,"")) -> МАЗ 4381
A33: =IFERROR(М5_МАЗ4381_0592!B158,"") -> 2 пров. В. Чорновола | B33: =IFERROR(IF(М5_МАЗ4381_0592!C158="","",TEXT(М5_МАЗ4381_0592!C158,"General")),"") | C33: ="П'ятниця" -> П'ятниця | D33: =IFERROR(TEXT(М5_МАЗ4381_0592!D158,"h:mm"),"") -> 7:00 | E33: ="№5" -> №5 | F33: ="МАЗ 4381" -> МАЗ 4381 | G33: ="СВ 81-71 ВК" -> СВ 81-71 ВК | J33: =IF(A33="","",A33&"|"&B33) -> 2 пров. В. Чорновола| | K33: =IFERROR(IF(D33="","",IF(D33="×",9.99,TIMEVALUE(D33))),9.99) -> 0.29166667 | L33: =IF($A33="","",IF(COUNTIFS($J$4:$J33,$J33,$E$4:$E33,$E33)=1,$E33,"")) -> №5 | M33: =IF($A33="","",IF(COUNTIFS($J$4:$J33,$J33,$F$4:$F33,$F33)=1,$F33,"")) -> МАЗ 4381
A34: =IFERROR(М6_АТ4021_0586!B164,"") -> 2 пров. Героїв Прилук | B34: =IFERROR(IF(М6_АТ4021_0586!C164="","",TEXT(М6_АТ4021_0586!C164,"General")),"") -> 4, Гаражі | C34: ="П'ятниця" -> П'ятниця | D34: =IFERROR(TEXT(М6_АТ4021_0586!D164,"h:mm"),"") -> 9:30 | E34: ="№6" -> №6 | F34: ="АТ 4021" -> АТ 4021 | G34: ="СВ 33-16 ЕО" -> СВ 33-16 ЕО | J34: =IF(A34="","",A34&"|"&B34) -> 2 пров. Героїв Прилук|4, Гаражі | K34: =IFERROR(IF(D34="","",IF(D34="×",9.99,TIMEVALUE(D34))),9.99) -> 0.39583333 | L34: =IF($A34="","",IF(COUNTIFS($J$4:$J34,$J34,$E$4:$E34,$E34)=1,$E34,"")) -> №6 | M34: =IF($A34="","",IF(COUNTIFS($J$4:$J34,$J34,$F$4:$F34,$F34)=1,$F34,"")) -> АТ 4021
A35: =IFERROR(М6_АТ4021_0586!B64,"") -> 2 пров. Героїв Чорнобиля | B35: =IFERROR(IF(М6_АТ4021_0586!C64="","",TEXT(М6_АТ4021_0586!C64,"General")),"") -> 27,20 7,2 | C35: ="Вівторок" -> Вівторок | D35: =IFERROR(TEXT(М6_АТ4021_0586!D64,"h:mm"),"") -> 13:45 | E35: ="№6" -> №6 | F35: ="АТ 4021" -> АТ 4021 | G35: ="СВ 33-16 ЕО" -> СВ 33-16 ЕО | J35: =IF(A35="","",A35&"|"&B35) -> 2 пров. Героїв Чорнобиля|27,20 7,2 | K35: =IFERROR(IF(D35="","",IF(D35="×",9.99,TIMEVALUE(D35))),9.99) -> 0.57291667 | L35: =IF($A35="","",IF(COUNTIFS($J$4:$J35,$J35,$E$4:$E35,$E35)=1,$E35,"")) -> №6 | M35: =IF($A35="","",IF(COUNTIFS($J$4:$J35,$J35,$F$4:$F35,$F35)=1,$F35,"")) -> АТ 4021
A36: =IFERROR(М5_МАЗ4381_0592!B13,"") -> 2 пров. Дослідний | B36: =IFERROR(IF(М5_МАЗ4381_0592!C13="","",TEXT(М5_МАЗ4381_0592!C13,"General")),"") | C36: ="Понеділок" -> Понеділок | D36: =IFERROR(TEXT(М5_МАЗ4381_0592!D13,"h:mm"),"") -> 8:15 | E36: ="№5" -> №5 | F36: ="МАЗ 4381" -> МАЗ 4381 | G36: ="СВ 81-71 ВК" -> СВ 81-71 ВК | J36: =IF(A36="","",A36&"|"&B36) -> 2 пров. Дослідний| | K36: =IFERROR(IF(D36="","",IF(D36="×",9.99,TIMEVALUE(D36))),9.99) -> 0.34375 | L36: =IF($A36="","",IF(COUNTIFS($J$4:$J36,$J36,$E$4:$E36,$E36)=1,$E36,"")) -> №5 | M36: =IF($A36="","",IF(COUNTIFS($J$4:$J36,$J36,$F$4:$F36,$F36)=1,$F36,"")) -> МАЗ 4381
A37: =IFERROR(М5_МАЗ4381_0592!B29,"") -> 2 пров. Зелений | B37: =IFERROR(IF(М5_МАЗ4381_0592!C29="","",TEXT(М5_МАЗ4381_0592!C29,"General")),"") | C37: ="Понеділок" -> Понеділок | D37: =IFERROR(TEXT(М5_МАЗ4381_0592!D29,"h:mm"),"") -> 12:40 | E37: ="№5" -> №5 | F37: ="МАЗ 4381" -> МАЗ 4381 | G37: ="СВ 81-71 ВК" -> СВ 81-71 ВК | J37: =IF(A37="","",A37&"|"&B37) -> 2 пров. Зелений| | K37: =IFERROR(IF(D37="","",IF(D37="×",9.99,TIMEVALUE(D37))),9.99) -> 0.52777778 | L37: =IF($A37="","",IF(COUNTIFS($J$4:$J37,$J37,$E$4:$E37,$E37)=1,$E37,"")) -> №5 | M37: =IF($A37="","",IF(COUNTIFS($J$4:$J37,$J37,$F$4:$F37,$F37)=1,$F37,"")) -> МАЗ 4381
A38: =IFERROR(М5_МАЗ4381_0592!B32,"") -> 2 пров. Змагання | B38: =IFERROR(IF(М5_МАЗ4381_0592!C32="","",TEXT(М5_МАЗ4381_0592!C32,"General")),"") | C38: ="Понеділок" -> Понеділок | D38: =IFERROR(TEXT(М5_МАЗ4381_0592!D32,"h:mm"),"") -> 13:30 | E38: ="№5" -> №5 | F38: ="МАЗ 4381" -> МАЗ 4381 | G38: ="СВ 81-71 ВК" -> СВ 81-71 ВК | J38: =IF(A38="","",A38&"|"&B38) -> 2 пров. Змагання| | K38: =IFERROR(IF(D38="","",IF(D38="×",9.99,TIMEVALUE(D38))),9.99) -> 0.5625 | L38: =IF($A38="","",IF(COUNTIFS($J$4:$J38,$J38,$E$4:$E38,$E38)=1,$E38,"")) -> №5 | M38: =IF($A38="","",IF(COUNTIFS($J$4:$J38,$J38,$F$4:$F38,$F38)=1,$F38,"")) -> МАЗ 4381
A39: =IFERROR(М6_АТ4021_0586!B28,"") -> 2 пров. Межовий | B39: =IFERROR(IF(М6_АТ4021_0586!C28="","",TEXT(М6_АТ4021_0586!C28,"General")),"") -> 3,4 | C39: ="Понеділок" -> Понеділок | D39: =IFERROR(TEXT(М6_АТ4021_0586!D28,"h:mm"),"") -> 12:15 | E39: ="№6" -> №6 | F39: ="АТ 4021" -> АТ 4021 | G39: ="СВ 33-16 ЕО" -> СВ 33-16 ЕО | J39: =IF(A39="","",A39&"|"&B39) -> 2 пров. Межовий|3,4 | K39: =IFERROR(IF(D39="","",IF(D39="×",9.99,TIMEVALUE(D39))),9.99) -> 0.51041667 | L39: =IF($A39="","",IF(COUNTIFS($J$4:$J39,$J39,$E$4:$E39,$E39)=1,$E39,"")) -> №6 | M39: =IF($A39="","",IF(COUNTIFS($J$4:$J39,$J39,$F$4:$F39,$F39)=1,$F39,"")) -> АТ 4021
A40: =IFERROR(М5_МАЗ4381_0592!B18,"") -> 2 пров. П. Комуни | B40: =IFERROR(IF(М5_МАЗ4381_0592!C18="","",TEXT(М5_МАЗ4381_0592!C18,"General")),"") | C40: ="Понеділок" -> Понеділок | D40: =IFERROR(TEXT(М5_МАЗ4381_0592!D18,"h:mm"),"") -> 9:15 | E40: ="№5" -> №5 | F40: ="МАЗ 4381" -> МАЗ 4381 | G40: ="СВ 81-71 ВК" -> СВ 81-71 ВК | J40: =IF(A40="","",A40&"|"&B40) -> 2 пров. П. Комуни| | K40: =IFERROR(IF(D40="","",IF(D40="×",9.99,TIMEVALUE(D40))),9.99) -> 0.38541667 | L40: =IF($A40="","",IF(COUNTIFS($J$4:$J40,$J40,$E$4:$E40,$E40)=1,$E40,"")) -> №5 | M40: =IF($A40="","",IF(COUNTIFS($J$4:$J40,$J40,$F$4:$F40,$F40)=1,$F40,"")) -> МАЗ 4381
A41: =IFERROR(М6_АТ4021_0586!B106,"") -> 2 пров. Педагогічний | B41: =IFERROR(IF(М6_АТ4021_0586!C106="","",TEXT(М6_АТ4021_0586!C106,"General")),"") -> 5,11 14,20 | C41: ="Середа" -> Середа | D41: =IFERROR(TEXT(М6_АТ4021_0586!D106,"h:mm"),"") -> 15:00 | E41: ="№6" -> №6 | F41: ="АТ 4021" -> АТ 4021 | G41: ="СВ 33-16 ЕО" -> СВ 33-16 ЕО | J41: =IF(A41="","",A41&"|"&B41) -> 2 пров. Педагогічний|5,11 14,20 | K41: =IFERROR(IF(D41="","",IF(D41="×",9.99,TIMEVALUE(D41))),9.99) -> 0.625 | L41: =IF($A41="","",IF(COUNTIFS($J$4:$J41,$J41,$E$4:$E41,$E41)=1,$E41,"")) -> №6 | M41: =IF($A41="","",IF(COUNTIFS($J$4:$J41,$J41,$F$4:$F41,$F41)=1,$F41,"")) -> АТ 4021
A42: =IFERROR(М6_АТ4021_0586!B17,"") -> 2 пров. Пирогівський | B42: =IFERROR(IF(М6_АТ4021_0586!C17="","",TEXT(М6_АТ4021_0586!C17,"General")),"") -> 4,6 14,27 | C42: ="Понеділок" -> Понеділок | D42: =IFERROR(TEXT(М6_АТ4021_0586!D17,"h:mm"),"") -> 9:20 | E42: ="№6" -> №6 | F42: ="АТ 4021" -> АТ 4021 | G42: ="СВ 33-16 ЕО" -> СВ 33-16 ЕО | J42: =IF(A42="","",A42&"|"&B42) -> 2 пров. Пирогівський|4,6 14,27 | K42: =IFERROR(IF(D42="","",IF(D42="×",9.99,TIMEVALUE(D42))),9.99) -> 0.38888889 | L42: =IF($A42="","",IF(COUNTIFS($J$4:$J42,$J42,$E$4:$E42,$E42)=1,$E42,"")) -> №6 | M42: =IF($A42="","",IF(COUNTIFS($J$4:$J42,$J42,$F$4:$F42,$F42)=1,$F42,"")) -> АТ 4021
A43: =IFERROR(М5_МАЗ4381_0592!B131,"") -> 2 пров. Рокітний | B43: =IFERROR(IF(М5_МАЗ4381_0592!C131="","",TEXT(М5_МАЗ4381_0592!C131,"General")),"") | C43: ="Четвер" -> Четвер | D43: =IFERROR(TEXT(М5_МАЗ4381_0592!D131,"h:mm"),"") -> 10:10 | E43: ="№5" -> №5 | F43: ="МАЗ 4381" -> МАЗ 4381 | G43: ="СВ 81-71 ВК" -> СВ 81-71 ВК | J43: =IF(A43="","",A43&"|"&B43) -> 2 пров. Рокітний| | K43: =IFERROR(IF(D43="","",IF(D43="×",9.99,TIMEVALUE(D43))),9.99) -> 0.42361111 | L43: =IF($A43="","",IF(COUNTIFS($J$4:$J43,$J43,$E$4:$E43,$E43)=1,$E43,"")) -> №5 | M43: =IF($A43="","",IF(COUNTIFS($J$4:$J43,$J43,$F$4:$F43,$F43)=1,$F43,"")) -> МАЗ 4381
A44: =IFERROR(М5_МАЗ4381_0592!B193,"") -> 2 пров. Східний | B44: =IFERROR(IF(М5_МАЗ4381_0592!C193="","",TEXT(М5_МАЗ4381_0592!C193,"General")),"") | C44: ="П'ятниця" -> П'ятниця | D44: =IFERROR(TEXT(М5_МАЗ4381_0592!D193,"h:mm"),"") -> 14:15 | E44: ="№5" -> №5 | F44: ="МАЗ 4381" -> МАЗ 4381 | G44: ="СВ 81-71 ВК" -> СВ 81-71 ВК | J44: =IF(A44="","",A44&"|"&B44) -> 2 пров. Східний| | K44: =IFERROR(IF(D44="","",IF(D44="×",9.99,TIMEVALUE(D44))),9.99) -> 0.59375 | L44: =IF($A44="","",IF(COUNTIFS($J$4:$J44,$J44,$E$4:$E44,$E44)=1,$E44,"")) -> №5 | M44: =IF($A44="","",IF(COUNTIFS($J$4:$J44,$J44,$F$4:$F44,$F44)=1,$F44,"")) -> МАЗ 4381
A45: =IFERROR(М6_АТ4021_0586!B36,"") -> 2 пров. Удайський | B45: =IFERROR(IF(М6_АТ4021_0586!C36="","",TEXT(М6_АТ4021_0586!C36,"General")),"") -> 12,4 | C45: ="Понеділок" -> Понеділок | D45: =IFERROR(TEXT(М6_АТ4021_0586!D36,"h:mm"),"") -> 15:15 | E45: ="№6" -> №6 | F45: ="АТ 4021" -> АТ 4021 | G45: ="СВ 33-16 ЕО" -> СВ 33-16 ЕО | J45: =IF(A45="","",A45&"|"&B45) -> 2 пров. Удайський|12,4 | K45: =IFERROR(IF(D45="","",IF(D45="×",9.99,TIMEVALUE(D45))),9.99) -> 0.63541667 | L45: =IF($A45="","",IF(COUNTIFS($J$4:$J45,$J45,$E$4:$E45,$E45)=1,$E45,"")) -> №6 | M45: =IF($A45="","",IF(COUNTIFS($J$4:$J45,$J45,$F$4:$F45,$F45)=1,$F45,"")) -> АТ 4021
A46: =IFERROR(М6_АТ4021_0586!B57,"") -> 2 пров. Шевченка | B46: =IFERROR(IF(М6_АТ4021_0586!C57="","",TEXT(М6_АТ4021_0586!C57,"General")),"") -> 4,15 | C46: ="Вівторок" -> Вівторок | D46: =IFERROR(TEXT(М6_АТ4021_0586!D57,"h:mm"),"") -> 10:50 | E46: ="№6" -> №6 | F46: ="АТ 4021" -> АТ 4021 | G46: ="СВ 33-16 ЕО" -> СВ 33-16 ЕО | J46: =IF(A46="","",A46&"|"&B46) -> 2 пров. Шевченка|4,15 | K46: =IFERROR(IF(D46="","",IF(D46="×",9.99,TIMEVALUE(D46))),9.99) -> 0.45138889 | L46: =IF($A46="","",IF(COUNTIFS($J$4:$J46,$J46,$E$4:$E46,$E46)=1,$E46,"")) -> №6 | M46: =IF($A46="","",IF(COUNTIFS($J$4:$J46,$J46,$F$4:$F46,$F46)=1,$F46,"")) -> АТ 4021
A47: =IFERROR(М5_МАЗ4381_0592!B108,"") -> 3 пров. Європейський | B47: =IFERROR(IF(М5_МАЗ4381_0592!C108="","",TEXT(М5_МАЗ4381_0592!C108,"General")),"") | C47: ="Середа" -> Середа | D47: =IFERROR(TEXT(М5_МАЗ4381_0592!D108,"h:mm"),"") -> 14:45 | E47: ="№5" -> №5 | F47: ="МАЗ 4381" -> МАЗ 4381 | G47: ="СВ 81-71 ВК" -> СВ 81-71 ВК | J47: =IF(A47="","",A47&"|"&B47) -> 3 пров. Європейський| | K47: =IFERROR(IF(D47="","",IF(D47="×",9.99,TIMEVALUE(D47))),9.99) -> 0.61458333 | L47: =IF($A47="","",IF(COUNTIFS($J$4:$J47,$J47,$E$4:$E47,$E47)=1,$E47,"")) -> №5 | M47: =IF($A47="","",IF(COUNTIFS($J$4:$J47,$J47,$F$4:$F47,$F47)=1,$F47,"")) -> МАЗ 4381
A48: =IFERROR(М5_МАЗ4381_0592!B62,"") -> 3 пров. І. Сірка | B48: =IFERROR(IF(М5_МАЗ4381_0592!C62="","",TEXT(М5_МАЗ4381_0592!C62,"General")),"") | C48: ="Вівторок" -> Вівторок | D48: =IFERROR(TEXT(М5_МАЗ4381_0592!D62,"h:mm"),"") -> 12:10 | E48: ="№5" -> №5 | F48: ="МАЗ 4381" -> МАЗ 4381 | G48: ="СВ 81-71 ВК" -> СВ 81-71 ВК | J48: =IF(A48="","",A48&"|"&B48) -> 3 пров. І. Сірка| | K48: =IFERROR(IF(D48="","",IF(D48="×",9.99,TIMEVALUE(D48))),9.99) -> 0.50694444 | L48: =IF($A48="","",IF(COUNTIFS($J$4:$J48,$J48,$E$4:$E48,$E48)=1,$E48,"")) -> №5 | M48: =IF($A48="","",IF(COUNTIFS($J$4:$J48,$J48,$F$4:$F48,$F48)=1,$F48,"")) -> МАЗ 4381
A49: =IFERROR(М6_АТ4021_0586!B140,"") -> 3 пров. Гімназичний | B49: =IFERROR(IF(М6_АТ4021_0586!C140="","",TEXT(М6_АТ4021_0586!C140,"General")),"") -> 3,9 | C49: ="Четвер" -> Четвер | D49: =IFERROR(TEXT(М6_АТ4021_0586!D140,"h:mm"),"") -> 14:00 | E49: ="№6" -> №6 | F49: ="АТ 4021" -> АТ 4021 | G49: ="СВ 33-16 ЕО" -> СВ 33-16 ЕО | J49: =IF(A49="","",A49&"|"&B49) -> 3 пров. Гімназичний|3,9 | K49: =IFERROR(IF(D49="","",IF(D49="×",9.99,TIMEVALUE(D49))),9.99) -> 0.58333333 | L49: =IF($A49="","",IF(COUNTIFS($J$4:$J49,$J49,$E$4:$E49,$E49)=1,$E49,"")) -> №6 | M49: =IF($A49="","",IF(COUNTIFS($J$4:$J49,$J49,$F$4:$F49,$F49)=1,$F49,"")) -> АТ 4021
A50: =IFERROR(М5_МАЗ4381_0592!B14,"") -> 3 пров. Дослідний | B50: =IFERROR(IF(М5_МАЗ4381_0592!C14="","",TEXT(М5_МАЗ4381_0592!C14,"General")),"") | C50: ="Понеділок" -> Понеділок | D50: =IFERROR(TEXT(М5_МАЗ4381_0592!D14,"h:mm"),"") -> 8:30 | E50: ="№5" -> №5 | F50: ="МАЗ 4381" -> МАЗ 4381 | G50: ="СВ 81-71 ВК" -> СВ 81-71 ВК | J50: =IF(A50="","",A50&"|"&B50) -> 3 пров. Дослідний| | K50: =IFERROR(IF(D50="","",IF(D50="×",9.99,TIMEVALUE(D50))),9.99) -> 0.35416667 | L50: =IF($A50="","",IF(COUNTIFS($J$4:$J50,$J50,$E$4:$E50,$E50)=1,$E50,"")) -> №5 | M50: =IF($A50="","",IF(COUNTIFS($J$4:$J50,$J50,$F$4:$F50,$F50)=1,$F50,"")) -> МАЗ 4381
A51: =IFERROR(М6_АТ4021_0586!B127,"") -> 3 пров. Замостянський | B51: =IFERROR(IF(М6_АТ4021_0586!C127="","",TEXT(М6_АТ4021_0586!C127,"General")),"") -> 12,9,5 | C51: ="Четвер" -> Четвер | D51: =IFERROR(TEXT(М6_АТ4021_0586!D127,"h:mm"),"") -> 9:35 | E51: ="№6" -> №6 | F51: ="АТ 4021" -> АТ 4021 | G51: ="СВ 33-16 ЕО" -> СВ 33-16 ЕО | J51: =IF(A51="","",A51&"|"&B51) -> 3 пров. Замостянський|12,9,5 | K51: =IFERROR(IF(D51="","",IF(D51="×",9.99,TIMEVALUE(D51))),9.99) -> 0.39930556 | L51: =IF($A51="","",IF(COUNTIFS($J$4:$J51,$J51,$E$4:$E51,$E51)=1,$E51,"")) -> №6 | M51: =IF($A51="","",IF(COUNTIFS($J$4:$J51,$J51,$F$4:$F51,$F51)=1,$F51,"")) -> АТ 4021
A52: =IFERROR(М5_МАЗ4381_0592!B19,"") -> 3 пров. П. Комуни | B52: =IFERROR(IF(М5_МАЗ4381_0592!C19="","",TEXT(М5_МАЗ4381_0592!C19,"General")),"") | C52: ="Понеділок" -> Понеділок | D52: =IFERROR(TEXT(М5_МАЗ4381_0592!D19,"h:mm"),"") -> 9:30 | E52: ="№5" -> №5 | F52: ="МАЗ 4381" -> МАЗ 4381 | G52: ="СВ 81-71 ВК" -> СВ 81-71 ВК | J52: =IF(A52="","",A52&"|"&B52) -> 3 пров. П. Комуни| | K52: =IFERROR(IF(D52="","",IF(D52="×",9.99,TIMEVALUE(D52))),9.99) -> 0.39583333 | L52: =IF($A52="","",IF(COUNTIFS($J$4:$J52,$J52,$E$4:$E52,$E52)=1,$E52,"")) -> №5 | M52: =IF($A52="","",IF(COUNTIFS($J$4:$J52,$J52,$F$4:$F52,$F52)=1,$F52,"")) -> МАЗ 4381
A53: =IFERROR(М6_АТ4021_0586!B37,"") -> 3 пров. Удайський | B53: =IFERROR(IF(М6_АТ4021_0586!C37="","",TEXT(М6_АТ4021_0586!C37,"General")),"") -> 6,11 45,33 | C53: ="Понеділок" -> Понеділок | D53: =IFERROR(TEXT(М6_АТ4021_0586!D37,"h:mm"),"") -> 15:40 | E53: ="№6" -> №6 | F53: ="АТ 4021" -> АТ 4021 | G53: ="СВ 33-16 ЕО" -> СВ 33-16 ЕО | J53: =IF(A53="","",A53&"|"&B53) -> 3 пров. Удайський|6,11 45,33 | K53: =IFERROR(IF(D53="","",IF(D53="×",9.99,TIMEVALUE(D53))),9.99) -> 0.65277778 | L53: =IF($A53="","",IF(COUNTIFS($J$4:$J53,$J53,$E$4:$E53,$E53)=1,$E53,"")) -> №6 | M53: =IF($A53="","",IF(COUNTIFS($J$4:$J53,$J53,$F$4:$F53,$F53)=1,$F53,"")) -> АТ 4021
A54: =IFERROR(М5_МАЗ4381_0592!B15,"") -> 4 пров. Дослідний | B54: =IFERROR(IF(М5_МАЗ4381_0592!C15="","",TEXT(М5_МАЗ4381_0592!C15,"General")),"") | C54: ="Понеділок" -> Понеділок | D54: =IFERROR(TEXT(М5_МАЗ4381_0592!D15,"h:mm"),"") -> 8:40 | E54: ="№5" -> №5 | F54: ="МАЗ 4381" -> МАЗ 4381 | G54: ="СВ 81-71 ВК" -> СВ 81-71 ВК | J54: =IF(A54="","",A54&"|"&B54) -> 4 пров. Дослідний| | K54: =IFERROR(IF(D54="","",IF(D54="×",9.99,TIMEVALUE(D54))),9.99) -> 0.36111111 | L54: =IF($A54="","",IF(COUNTIFS($J$4:$J54,$J54,$E$4:$E54,$E54)=1,$E54,"")) -> №5 | M54: =IF($A54="","",IF(COUNTIFS($J$4:$J54,$J54,$F$4:$F54,$F54)=1,$F54,"")) -> МАЗ 4381
A55: =IFERROR(М6_АТ4021_0586!B128,"") -> 4 пров. Замостянський | B55: =IFERROR(IF(М6_АТ4021_0586!C128="","",TEXT(М6_АТ4021_0586!C128,"General")),"") -> 1,3 6,14 | C55: ="Четвер" -> Четвер | D55: =IFERROR(TEXT(М6_АТ4021_0586!D128,"h:mm"),"") -> 9:45 | E55: ="№6" -> №6 | F55: ="АТ 4021" -> АТ 4021 | G55: ="СВ 33-16 ЕО" -> СВ 33-16 ЕО | J55: =IF(A55="","",A55&"|"&B55) -> 4 пров. Замостянський|1,3 6,14 | K55: =IFERROR(IF(D55="","",IF(D55="×",9.99,TIMEVALUE(D55))),9.99) -> 0.40625 | L55: =IF($A55="","",IF(COUNTIFS($J$4:$J55,$J55,$E$4:$E55,$E55)=1,$E55,"")) -> №6 | M55: =IF($A55="","",IF(COUNTIFS($J$4:$J55,$J55,$F$4:$F55,$F55)=1,$F55,"")) -> АТ 4021
A56: =IFERROR(М6_АТ4021_0586!B107,"") -> 4 пров. Педагогічний | B56: =IFERROR(IF(М6_АТ4021_0586!C107="","",TEXT(М6_АТ4021_0586!C107,"General")),"") -> 21,19 14 | C56: ="Середа" -> Середа | D56: =IFERROR(TEXT(М6_АТ4021_0586!D107,"h:mm"),"") -> 15:15 | E56: ="№6" -> №6 | F56: ="АТ 4021" -> АТ 4021 | G56: ="СВ 33-16 ЕО" -> СВ 33-16 ЕО | J56: =IF(A56="","",A56&"|"&B56) -> 4 пров. Педагогічний|21,19 14 | K56: =IFERROR(IF(D56="","",IF(D56="×",9.99,TIMEVALUE(D56))),9.99) -> 0.63541667 | L56: =IF($A56="","",IF(COUNTIFS($J$4:$J56,$J56,$E$4:$E56,$E56)=1,$E56,"")) -> №6 | M56: =IF($A56="","",IF(COUNTIFS($J$4:$J56,$J56,$F$4:$F56,$F56)=1,$F56,"")) -> АТ 4021
A57: =IFERROR(М6_АТ4021_0586!B174,"") -> 5 в'їзд Гоголя | B57: =IFERROR(IF(М6_АТ4021_0586!C174="","",TEXT(М6_АТ4021_0586!C174,"General")),"") -> 6,11 13 | C57: ="П'ятниця" -> П'ятниця | D57: =IFERROR(TEXT(М6_АТ4021_0586!D174,"h:mm"),"") -> 11:55 | E57: ="№6" -> №6 | F57: ="АТ 4021" -> АТ 4021 | G57: ="СВ 33-16 ЕО" -> СВ 33-16 ЕО | J57: =IF(A57="","",A57&"|"&B57) -> 5 в'їзд Гоголя|6,11 13 | K57: =IFERROR(IF(D57="","",IF(D57="×",9.99,TIMEVALUE(D57))),9.99) -> 0.49652778 | L57: =IF($A57="","",IF(COUNTIFS($J$4:$J57,$J57,$E$4:$E57,$E57)=1,$E57,"")) -> №6 | M57: =IF($A57="","",IF(COUNTIFS($J$4:$J57,$J57,$F$4:$F57,$F57)=1,$F57,"")) -> АТ 4021
A58: =IFERROR(М4_АТ4042ROD_0584!B151,"") -> 6 км | B58: =IFERROR(IF(М4_АТ4042ROD_0584!C151="","",TEXT(М4_АТ4042ROD_0584!C151,"General")),"") -> ГПЗ | C58: ="Неділя" -> Неділя | D58: =IFERROR(TEXT(М4_АТ4042ROD_0584!D151,"h:mm"),"") -> 12:15 | E58: ="№4" -> №4 | F58: ="АТ 40-42/ROD21003" -> АТ 40-42/ROD21003 | G58: ="СВ 33-15 ЕО" -> СВ 33-15 ЕО | H58: =IFERROR(М4_АТ4042ROD_0584!G151,"") -> 6 | J58: =IF(A58="","",A58&"|"&B58) -> 6 км|ГПЗ | K58: =IFERROR(IF(D58="","",IF(D58="×",9.99,TIMEVALUE(D58))),9.99) -> 0.51041667 | L58: =IF($A58="","",IF(COUNTIFS($J$4:$J58,$J58,$E$4:$E58,$E58)=1,$E58,"")) -> №4 | M58: =IF($A58="","",IF(COUNTIFS($J$4:$J58,$J58,$F$4:$F58,$F58)=1,$F58,"")) -> АТ 40-42/ROD21003
A59: =IFERROR('М1-2_АТ4021-1120_0585'!B132,"") -> В/м 12 | B59: =IFERROR(IF('М1-2_АТ4021-1120_0585'!C132="","",TEXT('М1-2_АТ4021-1120_0585'!C132,"General")),"") | C59: ="Четвер" -> Четвер | D59: =IFERROR(TEXT('М1-2_АТ4021-1120_0585'!D132,"h:mm"),"") -> 15:25 | E59: ="№1" -> №1 | F59: ="АТ-4021/1120" -> АТ-4021/1120 | G59: ="СВ 14-65 ЕО" -> СВ 14-65 ЕО | H59: =IFERROR('М1-2_АТ4021-1120_0585'!G132,"") -> 9 | J59: =IF(A59="","",A59&"|"&B59) -> В/м 12| | K59: =IFERROR(IF(D59="","",IF(D59="×",9.99,TIMEVALUE(D59))),9.99) -> 0.64236111 | L59: =IF($A59="","",IF(COUNTIFS($J$4:$J59,$J59,$E$4:$E59,$E59)=1,$E59,"")) -> №1 | M59: =IF($A59="","",IF(COUNTIFS($J$4:$J59,$J59,$F$4:$F59,$F59)=1,$F59,"")) -> АТ-4021/1120
A60: =IFERROR('М1-2_АТ4021-1120_0585'!B167,"") -> В/м 12 | B60: =IFERROR(IF('М1-2_АТ4021-1120_0585'!C167="","",TEXT('М1-2_АТ4021-1120_0585'!C167,"General")),"") | C60: ="Неділя" -> Неділя | D60: =IFERROR(TEXT('М1-2_АТ4021-1120_0585'!D167,"h:mm"),"") -> 15:25 | E60: ="№1" -> №1 | F60: ="АТ-4021/1120" -> АТ-4021/1120 | G60: ="СВ 14-65 ЕО" -> СВ 14-65 ЕО | H60: =IFERROR('М1-2_АТ4021-1120_0585'!G167,"") -> 8 | J60: =IF(A60="","",A60&"|"&B60) -> В/м 12| | K60: =IFERROR(IF(D60="","",IF(D60="×",9.99,TIMEVALUE(D60))),9.99) -> 0.64236111 | L60: =IF($A60="","",IF(COUNTIFS($J$4:$J60,$J60,$E$4:$E60,$E60)=1,$E60,"")) | M60: =IF($A60="","",IF(COUNTIFS($J$4:$J60,$J60,$F$4:$F60,$F60)=1,$F60,""))
A61: =IFERROR('М1-2_АТ4021-1120_0585'!B14,"") -> В/м 12 | B61: =IFERROR(IF('М1-2_АТ4021-1120_0585'!C14="","",TEXT('М1-2_АТ4021-1120_0585'!C14,"General")),"") -> Д/с 3 | C61: ="Понеділок" -> Понеділок | D61: =IFERROR(TEXT('М1-2_АТ4021-1120_0585'!D14,"h:mm"),"") -> 9:40 | E61: ="№1" -> №1 | F61: ="АТ-4021/1120" -> АТ-4021/1120 | G61: ="СВ 14-65 ЕО" -> СВ 14-65 ЕО | H61: =IFERROR('М1-2_АТ4021-1120_0585'!G14,"") -> 1 | J61: =IF(A61="","",A61&"|"&B61) -> В/м 12|Д/с 3 | K61: =IFERROR(IF(D61="","",IF(D61="×",9.99,TIMEVALUE(D61))),9.99) -> 0.40277778 | L61: =IF($A61="","",IF(COUNTIFS($J$4:$J61,$J61,$E$4:$E61,$E61)=1,$E61,"")) -> №1 | M61: =IF($A61="","",IF(COUNTIFS($J$4:$J61,$J61,$F$4:$F61,$F61)=1,$F61,"")) -> АТ-4021/1120
A62: =IFERROR(М1_КАМАЗ55111_0591!B29,"") -> В/м | B62: =IFERROR(IF(М1_КАМАЗ55111_0591!C29="","",TEXT(М1_КАМАЗ55111_0591!C29,"General")),"") | C62: ="Понеділок" -> Понеділок | D62: =IFERROR(TEXT(М1_КАМАЗ55111_0591!D29,"h:mm"),"") -> 10:55 | E62: ="№1" -> №1 | F62: ="КАМАЗ 55111" -> КАМАЗ 55111 | G62: ="СВ 50-33 АР" -> СВ 50-33 АР | H62: =IFERROR(М1_КАМАЗ55111_0591!G29,"") -> 7 | J62: =IF(A62="","",A62&"|"&B62) -> В/м| | K62: =IFERROR(IF(D62="","",IF(D62="×",9.99,TIMEVALUE(D62))),9.99) -> 0.45486111 | L62: =IF($A62="","",IF(COUNTIFS($J$4:$J62,$J62,$E$4:$E62,$E62)=1,$E62,"")) -> №1 | M62: =IF($A62="","",IF(COUNTIFS($J$4:$J62,$J62,$F$4:$F62,$F62)=1,$F62,"")) -> КАМАЗ 55111
A63: =IFERROR(М1_КАМАЗ55111_0591!B59,"") -> В/м | B63: =IFERROR(IF(М1_КАМАЗ55111_0591!C59="","",TEXT(М1_КАМАЗ55111_0591!C59,"General")),"") | C63: ="Вівторок" -> Вівторок | D63: =IFERROR(TEXT(М1_КАМАЗ55111_0591!D59,"h:mm"),"") -> 10:10 | E63: ="№1" -> №1 | F63: ="КАМАЗ 55111" -> КАМАЗ 55111 | G63: ="СВ 50-33 АР" -> СВ 50-33 АР | H63: =IFERROR(М1_КАМАЗ55111_0591!G59,"") -> 7 | J63: =IF(A63="","",A63&"|"&B63) -> В/м| | K63: =IFERROR(IF(D63="","",IF(D63="×",9.99,TIMEVALUE(D63))),9.99) -> 0.42361111 | L63: =IF($A63="","",IF(COUNTIFS($J$4:$J63,$J63,$E$4:$E63,$E63)=1,$E63,"")) | M63: =IF($A63="","",IF(COUNTIFS($J$4:$J63,$J63,$F$4:$F63,$F63)=1,$F63,""))
A64: =IFERROR(М1_КАМАЗ55111_0591!B91,"") -> В/м | B64: =IFERROR(IF(М1_КАМАЗ55111_0591!C91="","",TEXT(М1_КАМАЗ55111_0591!C91,"General")),"") | C64: ="Середа" -> Середа | D64: =IFERROR(TEXT(М1_КАМАЗ55111_0591!D91,"h:mm"),"") -> 10:25 | E64: ="№1" -> №1 | F64: ="КАМАЗ 55111" -> КАМАЗ 55111 | G64: ="СВ 50-33 АР" -> СВ 50-33 АР | H64: =IFERROR(М1_КАМАЗ55111_0591!G91,"") -> 7 | J64: =IF(A64="","",A64&"|"&B64) -> В/м| | K64: =IFERROR(IF(D64="","",IF(D64="×",9.99,TIMEVALUE(D64))),9.99) -> 0.43402778 | L64: =IF($A64="","",IF(COUNTIFS($J$4:$J64,$J64,$E$4:$E64,$E64)=1,$E64,"")) | M64: =IF($A64="","",IF(COUNTIFS($J$4:$J64,$J64,$F$4:$F64,$F64)=1,$F64,""))
A65: =IFERROR(М1_КАМАЗ55111_0591!B126,"") -> В/м | B65: =IFERROR(IF(М1_КАМАЗ55111_0591!C126="","",TEXT(М1_КАМАЗ55111_0591!C126,"General")),"") | C65: ="П'ятниця" -> П'ятниця | D65: =IFERROR(TEXT(М1_КАМАЗ55111_0591!D126,"h:mm"),"") -> 11:00 | E65: ="№1" -> №1 | F65: ="КАМАЗ 55111" -> КАМАЗ 55111 | G65: ="СВ 50-33 АР" -> СВ 50-33 АР | H65: =IFERROR(М1_КАМАЗ55111_0591!G126,"") -> 7 | J65: =IF(A65="","",A65&"|"&B65) -> В/м| | K65: =IFERROR(IF(D65="","",IF(D65="×",9.99,TIMEVALUE(D65))),9.99) -> 0.45833333 | L65: =IF($A65="","",IF(COUNTIFS($J$4:$J65,$J65,$E$4:$E65,$E65)=1,$E65,"")) | M65: =IF($A65="","",IF(COUNTIFS($J$4:$J65,$J65,$F$4:$F65,$F65)=1,$F65,""))
A66: =IFERROR(М1_КАМАЗ55111_0591!B158,"") -> В/м | B66: =IFERROR(IF(М1_КАМАЗ55111_0591!C158="","",TEXT(М1_КАМАЗ55111_0591!C158,"General")),"") | C66: ="Субота" -> Субота | D66: =IFERROR(TEXT(М1_КАМАЗ55111_0591!D158,"h:mm"),"") -> 10:10 | E66: ="№1" -> №1 | F66: ="КАМАЗ 55111" -> КАМАЗ 55111 | G66: ="СВ 50-33 АР" -> СВ 50-33 АР | H66: =IFERROR(М1_КАМАЗ55111_0591!G158,"") -> 8 | J66: =IF(A66="","",A66&"|"&B66) -> В/м| | K66: =IFERROR(IF(D66="","",IF(D66="×",9.99,TIMEVALUE(D66))),9.99) -> 0.42361111 | L66: =IF($A66="","",IF(COUNTIFS($J$4:$J66,$J66,$E$4:$E66,$E66)=1,$E66,"")) | M66: =IF($A66="","",IF(COUNTIFS($J$4:$J66,$J66,$F$4:$F66,$F66)=1,$F66,""))
A67: =IFERROR(М5_МАЗ4381_0592!B71,"") -> В/ч 12 | B67: =IFERROR(IF(М5_МАЗ4381_0592!C71="","",TEXT(М5_МАЗ4381_0592!C71,"General")),"") | C67: ="Вівторок" -> Вівторок | D67: =IFERROR(TEXT(М5_МАЗ4381_0592!D71,"h:mm"),"") -> 14:00 | E67: ="№5" -> №5 | F67: ="МАЗ 4381" -> МАЗ 4381 | G67: ="СВ 81-71 ВК" -> СВ 81-71 ВК | J67: =IF(A67="","",A67&"|"&B67) -> В/ч 12| | K67: =IFERROR(IF(D67="","",IF(D67="×",9.99,TIMEVALUE(D67))),9.99) -> 0.58333333 | L67: =IF($A67="","",IF(COUNTIFS($J$4:$J67,$J67,$E$4:$E67,$E67)=1,$E67,"")) -> №5 | M67: =IF($A67="","",IF(COUNTIFS($J$4:$J67,$J67,$F$4:$F67,$F67)=1,$F67,"")) -> МАЗ 4381
A68: =IFERROR(М5_МАЗ4381_0592!B145,"") -> В/ч 12 | B68: =IFERROR(IF(М5_МАЗ4381_0592!C145="","",TEXT(М5_МАЗ4381_0592!C145,"General")),"") | C68: ="Четвер" -> Четвер | D68: =IFERROR(TEXT(М5_МАЗ4381_0592!D145,"h:mm"),"") -> 13:40 | E68: ="№5" -> №5 | F68: ="МАЗ 4381" -> МАЗ 4381 | G68: ="СВ 81-71 ВК" -> СВ 81-71 ВК | J68: =IF(A68="","",A68&"|"&B68) -> В/ч 12| | K68: =IFERROR(IF(D68="","",IF(D68="×",9.99,TIMEVALUE(D68))),9.99) -> 0.56944444 | L68: =IF($A68="","",IF(COUNTIFS($J$4:$J68,$J68,$E$4:$E68,$E68)=1,$E68,"")) | M68: =IF($A68="","",IF(COUNTIFS($J$4:$J68,$J68,$F$4:$F68,$F68)=1,$F68,""))
A69: =IFERROR(М5_МАЗ4381_0592!B160,"") -> В/ч 12 | B69: =IFERROR(IF(М5_МАЗ4381_0592!C160="","",TEXT(М5_МАЗ4381_0592!C160,"General")),"") | C69: ="П'ятниця" -> П'ятниця | D69: =IFERROR(TEXT(М5_МАЗ4381_0592!D160,"h:mm"),"") -> 7:20 | E69: ="№5" -> №5 | F69: ="МАЗ 4381" -> МАЗ 4381 | G69: ="СВ 81-71 ВК" -> СВ 81-71 ВК | J69: =IF(A69="","",A69&"|"&B69) -> В/ч 12| | K69: =IFERROR(IF(D69="","",IF(D69="×",9.99,TIMEVALUE(D69))),9.99) -> 0.30555556 | L69: =IF($A69="","",IF(COUNTIFS($J$4:$J69,$J69,$E$4:$E69,$E69)=1,$E69,"")) | M69: =IF($A69="","",IF(COUNTIFS($J$4:$J69,$J69,$F$4:$F69,$F69)=1,$F69,""))
A70: =IFERROR(М5_МАЗ4381_0592!B37,"") -> Замовлення | B70: =IFERROR(IF(М5_МАЗ4381_0592!C37="","",TEXT(М5_МАЗ4381_0592!C37,"General")),"") | C70: ="Понеділок" -> Понеділок | D70: =IFERROR(TEXT(М5_МАЗ4381_0592!D37,"h:mm"),"") -> 14:55 | E70: ="№5" -> №5 | F70: ="МАЗ 4381" -> МАЗ 4381 | G70: ="СВ 81-71 ВК" -> СВ 81-71 ВК | J70: =IF(A70="","",A70&"|"&B70) -> Замовлення| | K70: =IFERROR(IF(D70="","",IF(D70="×",9.99,TIMEVALUE(D70))),9.99) -> 0.62152778 | L70: =IF($A70="","",IF(COUNTIFS($J$4:$J70,$J70,$E$4:$E70,$E70)=1,$E70,"")) -> №5 | M70: =IF($A70="","",IF(COUNTIFS($J$4:$J70,$J70,$F$4:$F70,$F70)=1,$F70,"")) -> МАЗ 4381
A71: =IFERROR(М6_АТ4021_0586!B133,"") -> Замовлення | B71: =IFERROR(IF(М6_АТ4021_0586!C133="","",TEXT(М6_АТ4021_0586!C133,"General")),"") | C71: ="Четвер" -> Четвер | D71: =IFERROR(TEXT(М6_АТ4021_0586!D133,"h:mm"),"") -> 10:55 | E71: ="№6" -> №6 | F71: ="АТ 4021" -> АТ 4021 | G71: ="СВ 33-16 ЕО" -> СВ 33-16 ЕО | J71: =IF(A71="","",A71&"|"&B71) -> Замовлення| | K71: =IFERROR(IF(D71="","",IF(D71="×",9.99,TIMEVALUE(D71))),9.99) -> 0.45486111 | L71: =IF($A71="","",IF(COUNTIFS($J$4:$J71,$J71,$E$4:$E71,$E71)=1,$E71,"")) -> №6 | M71: =IF($A71="","",IF(COUNTIFS($J$4:$J71,$J71,$F$4:$F71,$F71)=1,$F71,"")) -> АТ 4021
A72: =IFERROR(М5_МАЗ4381_0592!B197,"") -> Замовлення | B72: =IFERROR(IF(М5_МАЗ4381_0592!C197="","",TEXT(М5_МАЗ4381_0592!C197,"General")),"") | C72: ="П'ятниця" -> П'ятниця | D72: =IFERROR(TEXT(М5_МАЗ4381_0592!D197,"h:mm"),"") -> 15:15 | E72: ="№5" -> №5 | F72: ="МАЗ 4381" -> МАЗ 4381 | G72: ="СВ 81-71 ВК" -> СВ 81-71 ВК | J72: =IF(A72="","",A72&"|"&B72) -> Замовлення| | K72: =IFERROR(IF(D72="","",IF(D72="×",9.99,TIMEVALUE(D72))),9.99) -> 0.63541667 | L72: =IF($A72="","",IF(COUNTIFS($J$4:$J72,$J72,$E$4:$E72,$E72)=1,$E72,"")) | M72: =IF($A72="","",IF(COUNTIFS($J$4:$J72,$J72,$F$4:$F72,$F72)=1,$F72,""))
A73: =IFERROR(М3_МАЗ4371_0587!B12,"") -> Котляревського | B73: =IFERROR(IF(М3_МАЗ4371_0587!C12="","",TEXT(М3_МАЗ4371_0587!C12,"General")),"") -> кафе "Бандера" | C73: ="Понеділок" -> Понеділок | D73: =IFERROR(TEXT(М3_МАЗ4371_0587!D12,"h:mm"),"") -> 8:20 | E73: ="№3" -> №3 | F73: ="МАЗ-4371" -> МАЗ-4371 | G73: ="СВ 53-06 СА" -> СВ 53-06 СА | H73: =IFERROR(М3_МАЗ4371_0587!G12,"") -> 1 | J73: =IF(A73="","",A73&"|"&B73) -> Котляревського|кафе "Бандера" | K73: =IFERROR(IF(D73="","",IF(D73="×",9.99,TIMEVALUE(D73))),9.99) -> 0.34722222 | L73: =IF($A73="","",IF(COUNTIFS($J$4:$J73,$J73,$E$4:$E73,$E73)=1,$E73,"")) -> №3 | M73: =IF($A73="","",IF(COUNTIFS($J$4:$J73,$J73,$F$4:$F73,$F73)=1,$F73,"")) -> МАЗ-4371
A74: =IFERROR(М3_МАЗ4371_0587!B58,"") -> Котляревського | B74: =IFERROR(IF(М3_МАЗ4371_0587!C58="","",TEXT(М3_МАЗ4371_0587!C58,"General")),"") -> кафе "Бандера" | C74: ="Вівторок" -> Вівторок | D74: =IFERROR(TEXT(М3_МАЗ4371_0587!D58,"h:mm"),"") -> 10:55 | E74: ="№3" -> №3 | F74: ="МАЗ-4371" -> МАЗ-4371 | G74: ="СВ 53-06 СА" -> СВ 53-06 СА | H74: =IFERROR(М3_МАЗ4371_0587!G58,"") -> 1 | J74: =IF(A74="","",A74&"|"&B74) -> Котляревського|кафе "Бандера" | K74: =IFERROR(IF(D74="","",IF(D74="×",9.99,TIMEVALUE(D74))),9.99) -> 0.45486111 | L74: =IF($A74="","",IF(COUNTIFS($J$4:$J74,$J74,$E$4:$E74,$E74)=1,$E74,"")) | M74: =IF($A74="","",IF(COUNTIFS($J$4:$J74,$J74,$F$4:$F74,$F74)=1,$F74,""))
A75: =IFERROR(М5_МАЗ4381_0592!B144,"") -> М'ясокомбінат | B75: =IFERROR(IF(М5_МАЗ4381_0592!C144="","",TEXT(М5_МАЗ4381_0592!C144,"General")),"") | C75: ="Четвер" -> Четвер | D75: =IFERROR(TEXT(М5_МАЗ4381_0592!D144,"h:mm"),"") -> 13:20 | E75: ="№5" -> №5 | F75: ="МАЗ 4381" -> МАЗ 4381 | G75: ="СВ 81-71 ВК" -> СВ 81-71 ВК | J75: =IF(A75="","",A75&"|"&B75) -> М'ясокомбінат| | K75: =IFERROR(IF(D75="","",IF(D75="×",9.99,TIMEVALUE(D75))),9.99) -> 0.55555556 | L75: =IF($A75="","",IF(COUNTIFS($J$4:$J75,$J75,$E$4:$E75,$E75)=1,$E75,"")) -> №5 | M75: =IF($A75="","",IF(COUNTIFS($J$4:$J75,$J75,$F$4:$F75,$F75)=1,$F75,"")) -> МАЗ 4381
A76: =IFERROR(М5_МАЗ4381_0592!B94,"") -> М-н "Ірина" | B76: =IFERROR(IF(М5_МАЗ4381_0592!C94="","",TEXT(М5_МАЗ4381_0592!C94,"General")),"") | C76: ="Середа" -> Середа | D76: =IFERROR(TEXT(М5_МАЗ4381_0592!D94,"h:mm"),"") -> 9:45 | E76: ="№5" -> №5 | F76: ="МАЗ 4381" -> МАЗ 4381 | G76: ="СВ 81-71 ВК" -> СВ 81-71 ВК | J76: =IF(A76="","",A76&"|"&B76) -> М-н "Ірина"| | K76: =IFERROR(IF(D76="","",IF(D76="×",9.99,TIMEVALUE(D76))),9.99) -> 0.40625 | L76: =IF($A76="","",IF(COUNTIFS($J$4:$J76,$J76,$E$4:$E76,$E76)=1,$E76,"")) -> №5 | M76: =IF($A76="","",IF(COUNTIFS($J$4:$J76,$J76,$F$4:$F76,$F76)=1,$F76,"")) -> МАЗ 4381
A77: =IFERROR('М1-2_АТ4021-1120_0585'!B8,"") -> Привокзальну площа | B77: =IFERROR(IF('М1-2_АТ4021-1120_0585'!C8="","",TEXT('М1-2_АТ4021-1120_0585'!C8,"General")),"") -> Нова пошта 1 | C77: ="Понеділок" -> Понеділок | D77: =IFERROR(TEXT('М1-2_АТ4021-1120_0585'!D8,"h:mm"),"") -> 7:35 | E77: ="№1" -> №1 | F77: ="АТ-4021/1120" -> АТ-4021/1120 | G77: ="СВ 14-65 ЕО" -> СВ 14-65 ЕО | H77: =IFERROR('М1-2_АТ4021-1120_0585'!G8,"") -> 3 | J77: =IF(A77="","",A77&"|"&B77) -> Привокзальну площа|Нова пошта 1 | K77: =IFERROR(IF(D77="","",IF(D77="×",9.99,TIMEVALUE(D77))),9.99) -> 0.31597222 | L77: =IF($A77="","",IF(COUNTIFS($J$4:$J77,$J77,$E$4:$E77,$E77)=1,$E77,"")) -> №1 | M77: =IF($A77="","",IF(COUNTIFS($J$4:$J77,$J77,$F$4:$F77,$F77)=1,$F77,"")) -> АТ-4021/1120
A78: =IFERROR('М1-2_АТ4021-1120_0585'!B9,"") -> Привокзальну площа | B78: =IFERROR(IF('М1-2_АТ4021-1120_0585'!C9="","",TEXT('М1-2_АТ4021-1120_0585'!C9,"General")),"") -> Шкільний | C78: ="Понеділок" -> Понеділок | D78: =IFERROR(TEXT('М1-2_АТ4021-1120_0585'!D9,"h:mm"),"") -> 7:50 | E78: ="№1" -> №1 | F78: ="АТ-4021/1120" -> АТ-4021/1120 | G78: ="СВ 14-65 ЕО" -> СВ 14-65 ЕО | H78: =IFERROR('М1-2_АТ4021-1120_0585'!G9,"") -> 1 | J78: =IF(A78="","",A78&"|"&B78) -> Привокзальну площа|Шкільний | K78: =IFERROR(IF(D78="","",IF(D78="×",9.99,TIMEVALUE(D78))),9.99) -> 0.32638889 | L78: =IF($A78="","",IF(COUNTIFS($J$4:$J78,$J78,$E$4:$E78,$E78)=1,$E78,"")) -> №1 | M78: =IF($A78="","",IF(COUNTIFS($J$4:$J78,$J78,$F$4:$F78,$F78)=1,$F78,"")) -> АТ-4021/1120
A79: =IFERROR(М3_МАЗ4371_0587!B11,"") -> Скоропадського | B79: =IFERROR(IF(М3_МАЗ4371_0587!C11="","",TEXT(М3_МАЗ4371_0587!C11,"General")),"") | C79: ="Понеділок" -> Понеділок | D79: =IFERROR(TEXT(М3_МАЗ4371_0587!D11,"h:mm"),"") -> 8:10 | E79: ="№3" -> №3 | F79: ="МАЗ-4371" -> МАЗ-4371 | G79: ="СВ 53-06 СА" -> СВ 53-06 СА | H79: =IFERROR(М3_МАЗ4371_0587!G11,"") -> 3 | J79: =IF(A79="","",A79&"|"&B79) -> Скоропадського| | K79: =IFERROR(IF(D79="","",IF(D79="×",9.99,TIMEVALUE(D79))),9.99) -> 0.34027778 | L79: =IF($A79="","",IF(COUNTIFS($J$4:$J79,$J79,$E$4:$E79,$E79)=1,$E79,"")) -> №3 | M79: =IF($A79="","",IF(COUNTIFS($J$4:$J79,$J79,$F$4:$F79,$F79)=1,$F79,"")) -> МАЗ-4371
A80: =IFERROR(М3_МАЗ4371_0587!B50,"") -> Скоропадського | B80: =IFERROR(IF(М3_МАЗ4371_0587!C50="","",TEXT(М3_МАЗ4371_0587!C50,"General")),"") | C80: ="Вівторок" -> Вівторок | D80: =IFERROR(TEXT(М3_МАЗ4371_0587!D50,"h:mm"),"") -> 8:25 | E80: ="№3" -> №3 | F80: ="МАЗ-4371" -> МАЗ-4371 | G80: ="СВ 53-06 СА" -> СВ 53-06 СА | H80: =IFERROR(М3_МАЗ4371_0587!G50,"") -> 3 | J80: =IF(A80="","",A80&"|"&B80) -> Скоропадського| | K80: =IFERROR(IF(D80="","",IF(D80="×",9.99,TIMEVALUE(D80))),9.99) -> 0.35069444 | L80: =IF($A80="","",IF(COUNTIFS($J$4:$J80,$J80,$E$4:$E80,$E80)=1,$E80,"")) | M80: =IF($A80="","",IF(COUNTIFS($J$4:$J80,$J80,$F$4:$F80,$F80)=1,$F80,""))
A81: =IFERROR(М6_АТ4021_0586!B125,"") -> в'їзд Густинський | B81: =IFERROR(IF(М6_АТ4021_0586!C125="","",TEXT(М6_АТ4021_0586!C125,"General")),"") -> 8,1 | C81: ="Четвер" -> Четвер | D81: =IFERROR(TEXT(М6_АТ4021_0586!D125,"h:mm"),"") -> 9:10 | E81: ="№6" -> №6 | F81: ="АТ 4021" -> АТ 4021 | G81: ="СВ 33-16 ЕО" -> СВ 33-16 ЕО | J81: =IF(A81="","",A81&"|"&B81) -> в'їзд Густинський|8,1 | K81: =IFERROR(IF(D81="","",IF(D81="×",9.99,TIMEVALUE(D81))),9.99) -> 0.38194444 | L81: =IF($A81="","",IF(COUNTIFS($J$4:$J81,$J81,$E$4:$E81,$E81)=1,$E81,"")) -> №6 | M81: =IF($A81="","",IF(COUNTIFS($J$4:$J81,$J81,$F$4:$F81,$F81)=1,$F81,"")) -> АТ 4021
A82: =IFERROR(М4_АТ4042ROD_0584!B26,"") -> в/м 12 | B82: =IFERROR(IF(М4_АТ4042ROD_0584!C26="","",TEXT(М4_АТ4042ROD_0584!C26,"General")),"") | C82: ="Понеділок" -> Понеділок | D82: =IFERROR(TEXT(М4_АТ4042ROD_0584!D26,"h:mm"),"") -> 14:40 | E82: ="№4" -> №4 | F82: ="АТ 40-42/ROD21003" -> АТ 40-42/ROD21003 | G82: ="СВ 33-15 ЕО" -> СВ 33-15 ЕО | H82: =IFERROR(М4_АТ4042ROD_0584!G26,"") -> 4 | J82: =IF(A82="","",A82&"|"&B82) -> в/м 12| | K82: =IFERROR(IF(D82="","",IF(D82="×",9.99,TIMEVALUE(D82))),9.99) -> 0.61111111 | L82: =IF($A82="","",IF(COUNTIFS($J$4:$J82,$J82,$E$4:$E82,$E82)=1,$E82,"")) -> №4 | M82: =IF($A82="","",IF(COUNTIFS($J$4:$J82,$J82,$F$4:$F82,$F82)=1,$F82,"")) -> АТ 40-42/ROD21003
A83: =IFERROR(М2_ВГВ_РеноЛендер_0589!B9,"") -> в/м 12 | B83: =IFERROR(IF(М2_ВГВ_РеноЛендер_0589!C9="","",TEXT(М2_ВГВ_РеноЛендер_0589!C9,"General")),"") | C83: =IFERROR(М2_ВГВ_РеноЛендер_0589!D9,"") -> Понеділок | D83: ="×" -> × | E83: ="№2 (ВГВ)" -> №2 (ВГВ) | F83: ="Рено Лендер" -> Рено Лендер | G83: ="СВ 52-62 СА" -> СВ 52-62 СА | J83: =IF(A83="","",A83&"|"&B83) -> в/м 12| | K83: =IFERROR(IF(D83="","",IF(D83="×",9.99,TIMEVALUE(D83))),9.99) -> 9.99 | L83: =IF($A83="","",IF(COUNTIFS($J$4:$J83,$J83,$E$4:$E83,$E83)=1,$E83,"")) -> №2 (ВГВ) | M83: =IF($A83="","",IF(COUNTIFS($J$4:$J83,$J83,$F$4:$F83,$F83)=1,$F83,"")) -> Рено Лендер
A84: =IFERROR(М4_АТ4042ROD_0584!B59,"") -> в/м 12 | B84: =IFERROR(IF(М4_АТ4042ROD_0584!C59="","",TEXT(М4_АТ4042ROD_0584!C59,"General")),"") | C84: ="Вівторок" -> Вівторок | D84: =IFERROR(TEXT(М4_АТ4042ROD_0584!D59,"h:mm"),"") -> 15:00 | E84: ="№4" -> №4 | F84: ="АТ 40-42/ROD21003" -> АТ 40-42/ROD21003 | G84: ="СВ 33-15 ЕО" -> СВ 33-15 ЕО | H84: =IFERROR(М4_АТ4042ROD_0584!G59,"") -> 4 | J84: =IF(A84="","",A84&"|"&B84) -> в/м 12| | K84: =IFERROR(IF(D84="","",IF(D84="×",9.99,TIMEVALUE(D84))),9.99) -> 0.625 | L84: =IF($A84="","",IF(COUNTIFS($J$4:$J84,$J84,$E$4:$E84,$E84)=1,$E84,"")) | M84: =IF($A84="","",IF(COUNTIFS($J$4:$J84,$J84,$F$4:$F84,$F84)=1,$F84,""))
A85: =IFERROR('М3-4_ГАЗ3309_0590'!B87,"") -> в/м 12 | B85: =IFERROR(IF('М3-4_ГАЗ3309_0590'!C87="","",TEXT('М3-4_ГАЗ3309_0590'!C87,"General")),"") | C85: ="Середа" -> Середа | D85: =IFERROR(TEXT('М3-4_ГАЗ3309_0590'!D87,"h:mm"),"") -> 15:15 | E85: ="№4" -> №4 | F85: ="ГАЗ 3309" -> ГАЗ 3309 | G85: ="СВ 17-85 ВН" -> СВ 17-85 ВН | H85: =IFERROR('М3-4_ГАЗ3309_0590'!G87,"") -> 4 | J85: =IF(A85="","",A85&"|"&B85) -> в/м 12| | K85: =IFERROR(IF(D85="","",IF(D85="×",9.99,TIMEVALUE(D85))),9.99) -> 0.63541667 | L85: =IF($A85="","",IF(COUNTIFS($J$4:$J85,$J85,$E$4:$E85,$E85)=1,$E85,"")) | M85: =IF($A85="","",IF(COUNTIFS($J$4:$J85,$J85,$F$4:$F85,$F85)=1,$F85,"")) -> ГАЗ 3309
A86: =IFERROR(М4_АТ4042ROD_0584!B92,"") -> в/м 12 | B86: =IFERROR(IF(М4_АТ4042ROD_0584!C92="","",TEXT(М4_АТ4042ROD_0584!C92,"General")),"") | C86: ="Четвер" -> Четвер | D86: =IFERROR(TEXT(М4_АТ4042ROD_0584!D92,"h:mm"),"") -> 14:40 | E86: ="№4" -> №4 | F86: ="АТ 40-42/ROD21003" -> АТ 40-42/ROD21003 | G86: ="СВ 33-15 ЕО" -> СВ 33-15 ЕО | H86: =IFERROR(М4_АТ4042ROD_0584!G92,"") -> 4 | J86: =IF(A86="","",A86&"|"&B86) -> в/м 12| | K86: =IFERROR(IF(D86="","",IF(D86="×",9.99,TIMEVALUE(D86))),9.99) -> 0.61111111 | L86: =IF($A86="","",IF(COUNTIFS($J$4:$J86,$J86,$E$4:$E86,$E86)=1,$E86,"")) | M86: =IF($A86="","",IF(COUNTIFS($J$4:$J86,$J86,$F$4:$F86,$F86)=1,$F86,""))
A87: =IFERROR(М4_АТ4042ROD_0584!B125,"") -> в/м 12 | B87: =IFERROR(IF(М4_АТ4042ROD_0584!C125="","",TEXT(М4_АТ4042ROD_0584!C125,"General")),"") | C87: ="П'ятниця" -> П'ятниця | D87: =IFERROR(TEXT(М4_АТ4042ROD_0584!D125,"h:mm"),"") -> 14:40 | E87: ="№4" -> №4 | F87: ="АТ 40-42/ROD21003" -> АТ 40-42/ROD21003 | G87: ="СВ 33-15 ЕО" -> СВ 33-15 ЕО | H87: =IFERROR(М4_АТ4042ROD_0584!G125,"") -> 4 | J87: =IF(A87="","",A87&"|"&B87) -> в/м 12| | K87: =IFERROR(IF(D87="","",IF(D87="×",9.99,TIMEVALUE(D87))),9.99) -> 0.61111111 | L87: =IF($A87="","",IF(COUNTIFS($J$4:$J87,$J87,$E$4:$E87,$E87)=1,$E87,"")) | M87: =IF($A87="","",IF(COUNTIFS($J$4:$J87,$J87,$F$4:$F87,$F87)=1,$F87,""))
A88: =IFERROR('М3-4_ГАЗ3309_0590'!B112,"") -> в/м 12 | B88: =IFERROR(IF('М3-4_ГАЗ3309_0590'!C112="","",TEXT('М3-4_ГАЗ3309_0590'!C112,"General")),"") | C88: ="Субота" -> Субота | D88: =IFERROR(TEXT('М3-4_ГАЗ3309_0590'!D112,"h:mm"),"") -> 15:15 | E88: ="№4" -> №4 | F88: ="ГАЗ 3309" -> ГАЗ 3309 | G88: ="СВ 17-85 ВН" -> СВ 17-85 ВН | H88: =IFERROR('М3-4_ГАЗ3309_0590'!G112,"") -> 3 | J88: =IF(A88="","",A88&"|"&B88) -> в/м 12| | K88: =IFERROR(IF(D88="","",IF(D88="×",9.99,TIMEVALUE(D88))),9.99) -> 0.63541667 | L88: =IF($A88="","",IF(COUNTIFS($J$4:$J88,$J88,$E$4:$E88,$E88)=1,$E88,"")) | M88: =IF($A88="","",IF(COUNTIFS($J$4:$J88,$J88,$F$4:$F88,$F88)=1,$F88,""))
A89: =IFERROR(М4_АТ4042ROD_0584!B139,"") -> в/м 12 | B89: =IFERROR(IF(М4_АТ4042ROD_0584!C139="","",TEXT(М4_АТ4042ROD_0584!C139,"General")),"") | C89: ="Неділя" -> Неділя | D89: =IFERROR(TEXT(М4_АТ4042ROD_0584!D139,"h:mm"),"") -> 7:20 | E89: ="№4" -> №4 | F89: ="АТ 40-42/ROD21003" -> АТ 40-42/ROD21003 | G89: ="СВ 33-15 ЕО" -> СВ 33-15 ЕО | H89: =IFERROR(М4_АТ4042ROD_0584!G139,"") -> 4 | J89: =IF(A89="","",A89&"|"&B89) -> в/м 12| | K89: =IFERROR(IF(D89="","",IF(D89="×",9.99,TIMEVALUE(D89))),9.99) -> 0.30555556 | L89: =IF($A89="","",IF(COUNTIFS($J$4:$J89,$J89,$E$4:$E89,$E89)=1,$E89,"")) | M89: =IF($A89="","",IF(COUNTIFS($J$4:$J89,$J89,$F$4:$F89,$F89)=1,$F89,""))
A90: =IFERROR('М3-4_ГАЗ3309_0590'!B86,"") -> в/м 17 | B90: =IFERROR(IF('М3-4_ГАЗ3309_0590'!C86="","",TEXT('М3-4_ГАЗ3309_0590'!C86,"General")),"") | C90: ="Середа" -> Середа | D90: =IFERROR(TEXT('М3-4_ГАЗ3309_0590'!D86,"h:mm"),"") -> 14:50 | E90: ="№4" -> №4 | F90: ="ГАЗ 3309" -> ГАЗ 3309 | G90: ="СВ 17-85 ВН" -> СВ 17-85 ВН | H90: =IFERROR('М3-4_ГАЗ3309_0590'!G86,"") -> 2 | J90: =IF(A90="","",A90&"|"&B90) -> в/м 17| | K90: =IFERROR(IF(D90="","",IF(D90="×",9.99,TIMEVALUE(D90))),9.99) -> 0.61805556 | L90: =IF($A90="","",IF(COUNTIFS($J$4:$J90,$J90,$E$4:$E90,$E90)=1,$E90,"")) -> №4 | M90: =IF($A90="","",IF(COUNTIFS($J$4:$J90,$J90,$F$4:$F90,$F90)=1,$F90,"")) -> ГАЗ 3309
A91: =IFERROR('М3-4_ГАЗ3309_0590'!B111,"") -> в/м 17 | B91: =IFERROR(IF('М3-4_ГАЗ3309_0590'!C111="","",TEXT('М3-4_ГАЗ3309_0590'!C111,"General")),"") | C91: ="Субота" -> Субота | D91: =IFERROR(TEXT('М3-4_ГАЗ3309_0590'!D111,"h:mm"),"") -> 14:50 | E91: ="№4" -> №4 | F91: ="ГАЗ 3309" -> ГАЗ 3309 | G91: ="СВ 17-85 ВН" -> СВ 17-85 ВН | H91: =IFERROR('М3-4_ГАЗ3309_0590'!G111,"") -> 2 | J91: =IF(A91="","",A91&"|"&B91) -> в/м 17| | K91: =IFERROR(IF(D91="","",IF(D91="×",9.99,TIMEVALUE(D91))),9.99) -> 0.61805556 | L91: =IF($A91="","",IF(COUNTIFS($J$4:$J91,$J91,$E$4:$E91,$E91)=1,$E91,"")) | M91: =IF($A91="","",IF(COUNTIFS($J$4:$J91,$J91,$F$4:$F91,$F91)=1,$F91,""))
A92: =IFERROR(М5_МАЗ4381_0592!B9,"") -> вул. 18 Вересня | B92: =IFERROR(IF(М5_МАЗ4381_0592!C9="","",TEXT(М5_МАЗ4381_0592!C9,"General")),"") | C92: ="Понеділок" -> Понеділок | D92: =IFERROR(TEXT(М5_МАЗ4381_0592!D9,"h:mm"),"") -> 7:30 | E92: ="№5" -> №5 | F92: ="МАЗ 4381" -> МАЗ 4381 | G92: ="СВ 81-71 ВК" -> СВ 81-71 ВК | J92: =IF(A92="","",A92&"|"&B92) -> вул. 18 Вересня| | K92: =IFERROR(IF(D92="","",IF(D92="×",9.99,TIMEVALUE(D92))),9.99) -> 0.3125 | L92: =IF($A92="","",IF(COUNTIFS($J$4:$J92,$J92,$E$4:$E92,$E92)=1,$E92,"")) -> №5 | M92: =IF($A92="","",IF(COUNTIFS($J$4:$J92,$J92,$F$4:$F92,$F92)=1,$F92,"")) -> МАЗ 4381
A93: =IFERROR(М5_МАЗ4381_0592!B89,"") -> вул. 18 Вересня | B93: =IFERROR(IF(М5_МАЗ4381_0592!C89="","",TEXT(М5_МАЗ4381_0592!C89,"General")),"") | C93: ="Середа" -> Середа | D93: =IFERROR(TEXT(М5_МАЗ4381_0592!D89,"h:mm"),"") -> 8:15 | E93: ="№5" -> №5 | F93: ="МАЗ 4381" -> МАЗ 4381 | G93: ="СВ 81-71 ВК" -> СВ 81-71 ВК | J93: =IF(A93="","",A93&"|"&B93) -> вул. 18 Вересня| | K93: =IFERROR(IF(D93="","",IF(D93="×",9.99,TIMEVALUE(D93))),9.99) -> 0.34375 | L93: =IF($A93="","",IF(COUNTIFS($J$4:$J93,$J93,$E$4:$E93,$E93)=1,$E93,"")) | M93: =IF($A93="","",IF(COUNTIFS($J$4:$J93,$J93,$F$4:$F93,$F93)=1,$F93,""))
A94: =IFERROR(М5_МАЗ4381_0592!B183,"") -> вул. 18 Вересня | B94: =IFERROR(IF(М5_МАЗ4381_0592!C183="","",TEXT(М5_МАЗ4381_0592!C183,"General")),"") | C94: ="П'ятниця" -> П'ятниця | D94: =IFERROR(TEXT(М5_МАЗ4381_0592!D183,"h:mm"),"") -> 11:55 | E94: ="№5" -> №5 | F94: ="МАЗ 4381" -> МАЗ 4381 | G94: ="СВ 81-71 ВК" -> СВ 81-71 ВК | J94: =IF(A94="","",A94&"|"&B94) -> вул. 18 Вересня| | K94: =IFERROR(IF(D94="","",IF(D94="×",9.99,TIMEVALUE(D94))),9.99) -> 0.49652778 | L94: =IF($A94="","",IF(COUNTIFS($J$4:$J94,$J94,$E$4:$E94,$E94)=1,$E94,"")) | M94: =IF($A94="","",IF(COUNTIFS($J$4:$J94,$J94,$F$4:$F94,$F94)=1,$F94,""))
A95: =IFERROR('М1-2_АТ4021-1120_0585'!B10,"") -> вул. 18 Вересня | B95: =IFERROR(IF('М1-2_АТ4021-1120_0585'!C10="","",TEXT('М1-2_АТ4021-1120_0585'!C10,"General")),"") -> Д/с 4 | C95: ="Понеділок" -> Понеділок | D95: =IFERROR(TEXT('М1-2_АТ4021-1120_0585'!D10,"h:mm"),"") -> 8:25 | E95: ="№1" -> №1 | F95: ="АТ-4021/1120" -> АТ-4021/1120 | G95: ="СВ 14-65 ЕО" -> СВ 14-65 ЕО | H95: =IFERROR('М1-2_АТ4021-1120_0585'!G10,"") -> 1 | J95: =IF(A95="","",A95&"|"&B95) -> вул. 18 Вересня|Д/с 4 | K95: =IFERROR(IF(D95="","",IF(D95="×",9.99,TIMEVALUE(D95))),9.99) -> 0.35069444 | L95: =IF($A95="","",IF(COUNTIFS($J$4:$J95,$J95,$E$4:$E95,$E95)=1,$E95,"")) -> №1 | M95: =IF($A95="","",IF(COUNTIFS($J$4:$J95,$J95,$F$4:$F95,$F95)=1,$F95,"")) -> АТ-4021/1120
A96: =IFERROR(М5_МАЗ4381_0592!B25,"") -> вул. 2-га Південна | B96: =IFERROR(IF(М5_МАЗ4381_0592!C25="","",TEXT(М5_МАЗ4381_0592!C25,"General")),"") | C96: ="Понеділок" -> Понеділок | D96: =IFERROR(TEXT(М5_МАЗ4381_0592!D25,"h:mm"),"") -> 11:10 | E96: ="№5" -> №5 | F96: ="МАЗ 4381" -> МАЗ 4381 | G96: ="СВ 81-71 ВК" -> СВ 81-71 ВК | J96: =IF(A96="","",A96&"|"&B96) -> вул. 2-га Південна| | K96: =IFERROR(IF(D96="","",IF(D96="×",9.99,TIMEVALUE(D96))),9.99) -> 0.46527778 | L96: =IF($A96="","",IF(COUNTIFS($J$4:$J96,$J96,$E$4:$E96,$E96)=1,$E96,"")) -> №5 | M96: =IF($A96="","",IF(COUNTIFS($J$4:$J96,$J96,$F$4:$F96,$F96)=1,$F96,"")) -> МАЗ 4381
A97: =IFERROR(М5_МАЗ4381_0592!B106,"") -> вул. Європейська | B97: =IFERROR(IF(М5_МАЗ4381_0592!C106="","",TEXT(М5_МАЗ4381_0592!C106,"General")),"") | C97: ="Середа" -> Середа | D97: =IFERROR(TEXT(М5_МАЗ4381_0592!D106,"h:mm"),"") -> 14:15 | E97: ="№5" -> №5 | F97: ="МАЗ 4381" -> МАЗ 4381 | G97: ="СВ 81-71 ВК" -> СВ 81-71 ВК | J97: =IF(A97="","",A97&"|"&B97) -> вул. Європейська| | K97: =IFERROR(IF(D97="","",IF(D97="×",9.99,TIMEVALUE(D97))),9.99) -> 0.59375 | L97: =IF($A97="","",IF(COUNTIFS($J$4:$J97,$J97,$E$4:$E97,$E97)=1,$E97,"")) -> №5 | M97: =IF($A97="","",IF(COUNTIFS($J$4:$J97,$J97,$F$4:$F97,$F97)=1,$F97,"")) -> МАЗ 4381
A98: =IFERROR(М5_МАЗ4381_0592!B124,"") -> вул. Європейська | B98: =IFERROR(IF(М5_МАЗ4381_0592!C124="","",TEXT(М5_МАЗ4381_0592!C124,"General")),"") | C98: ="Четвер" -> Четвер | D98: =IFERROR(TEXT(М5_МАЗ4381_0592!D124,"h:mm"),"") -> 8:10 | E98: ="№5" -> №5 | F98: ="МАЗ 4381" -> МАЗ 4381 | G98: ="СВ 81-71 ВК" -> СВ 81-71 ВК | J98: =IF(A98="","",A98&"|"&B98) -> вул. Європейська| | K98: =IFERROR(IF(D98="","",IF(D98="×",9.99,TIMEVALUE(D98))),9.99) -> 0.34027778 | L98: =IF($A98="","",IF(COUNTIFS($J$4:$J98,$J98,$E$4:$E98,$E98)=1,$E98,"")) | M98: =IF($A98="","",IF(COUNTIFS($J$4:$J98,$J98,$F$4:$F98,$F98)=1,$F98,""))
A99: =IFERROR('М1-2_АТ4021-1120_0585'!B30,"") -> вул. Європейська | B99: =IFERROR(IF('М1-2_АТ4021-1120_0585'!C30="","",TEXT('М1-2_АТ4021-1120_0585'!C30,"General")),"") -> "Акваріум" | C99: ="Понеділок" -> Понеділок | D99: =IFERROR(TEXT('М1-2_АТ4021-1120_0585'!D30,"h:mm"),"") -> 14:25 | E99: ="№1" -> №1 | F99: ="АТ-4021/1120" -> АТ-4021/1120 | G99: ="СВ 14-65 ЕО" -> СВ 14-65 ЕО | H99: =IFERROR('М1-2_АТ4021-1120_0585'!G30,"") -> 1 | J99: =IF(A99="","",A99&"|"&B99) -> вул. Європейська|"Акваріум" | K99: =IFERROR(IF(D99="","",IF(D99="×",9.99,TIMEVALUE(D99))),9.99) -> 0.60069444 | L99: =IF($A99="","",IF(COUNTIFS($J$4:$J99,$J99,$E$4:$E99,$E99)=1,$E99,"")) -> №1 | M99: =IF($A99="","",IF(COUNTIFS($J$4:$J99,$J99,$F$4:$F99,$F99)=1,$F99,"")) -> АТ-4021/1120
A100: =IFERROR(М3_МАЗ4371_0587!B19,"") -> вул. Європейська | B100: =IFERROR(IF(М3_МАЗ4371_0587!C19="","",TEXT(М3_МАЗ4371_0587!C19,"General")),"") -> (двір Вокзальна, 19) | C100: ="Понеділок" -> Понеділок | D100: =IFERROR(TEXT(М3_МАЗ4371_0587!D19,"h:mm"),"") -> 9:45 | E100: ="№3" -> №3 | F100: ="МАЗ-4371" -> МАЗ-4371 | G100: ="СВ 53-06 СА" -> СВ 53-06 СА | H100: =IFERROR(М3_МАЗ4371_0587!G19,"") -> 4 | J100: =IF(A100="","",A100&"|"&B100) -> вул. Європейська|(двір Вокзальна, 19) | K100: =IFERROR(IF(D100="","",IF(D100="×",9.99,TIMEVALUE(D100))),9.99) -> 0.40625 | L100: =IF($A100="","",IF(COUNTIFS($J$4:$J100,$J100,$E$4:$E100,$E100)=1,$E100,"")) -> №3 | M100: =IF($A100="","",IF(COUNTIFS($J$4:$J100,$J100,$F$4:$F100,$F100)=1,$F100,"")) -> МАЗ-4371
A101: =IFERROR(М3_МАЗ4371_0587!B63,"") -> вул. Європейська | B101: =IFERROR(IF(М3_МАЗ4371_0587!C63="","",TEXT(М3_МАЗ4371_0587!C63,"General")),"") -> (двір Вокзальна, 19) | C101: ="Вівторок" -> Вівторок | D101: =IFERROR(TEXT(М3_МАЗ4371_0587!D63,"h:mm"),"") -> 13:45 | E101: ="№3" -> №3 | F101: ="МАЗ-4371" -> МАЗ-4371 | G101: ="СВ 53-06 СА" -> СВ 53-06 СА | H101: =IFERROR(М3_МАЗ4371_0587!G63,"") -> 4 | J101: =IF(A101="","",A101&"|"&B101) -> вул. Європейська|(двір Вокзальна, 19) | K101: =IFERROR(IF(D101="","",IF(D101="×",9.99,TIMEVALUE(D101))),9.99) -> 0.57291667 | L101: =IF($A101="","",IF(COUNTIFS($J$4:$J101,$J101,$E$4:$E101,$E101)=1,$E101,"")) | M101: =IF($A101="","",IF(COUNTIFS($J$4:$J101,$J101,$F$4:$F101,$F101)=1,$F101,""))
...

Sheet Зведена_по_адресах
A1: Зведена таблиця вивезення ТПВ — за адресами (час вивозу за днями тижня)
A2: Значення тягнуться формулами. Легенда: зелений — ТПВ; оранжевий «×» — ВГВ; червоний текст вулиці — 1 вивіз/тиждень; синя заливка адреси — є контейнерний майданчик (аркуш «Координати майданчиків»), координати взято звідти.
A4: Назва вулиці | B4: Будинок / об'єкт | C4: Понеділок | D4: Вівторок | E4: Середа | F4: Четвер | G4: П'ятниця | H4: Субота | I4: Неділя | J4: Вивозів/тиж. | K4: Маршрут(и) | L4: Автомобіль(і) | M4: Контейнери | O4: Ключ | P4: Номер для геокоду | Q4: Повна адреса для запиту | R4: Широта | S4: Довгота | T4: Майданчик (з аркуша «Координати»)
A5: =IF($O5="","",LEFT($O5,FIND("|",$O5)-1)) -> 1 в'їзд Вишневий | B5: =IF($O5="","",MID($O5,FIND("|",$O5)+1,999)) | C5: {=IF($O5="","",_xlfn.TEXTJOIN(", ",TRUE,IF(EXACT('Дані_зв''язок'!$J$4:$J$1012,$O5)*('Дані_зв''язок'!$C$4:$C$1012=C$4),'Дані_зв''язок'!$D$4:$D$1012,"")))} | D5: {=IF($O5="","",_xlfn.TEXTJOIN(", ",TRUE,IF(EXACT('Дані_зв''язок'!$J$4:$J$1012,$O5)*('Дані_зв''язок'!$C$4:$C$1012=D$4),'Дані_зв''язок'!$D$4:$D$1012,"")))} | E5: {=IF($O5="","",_xlfn.TEXTJOIN(", ",TRUE,IF(EXACT('Дані_зв''язок'!$J$4:$J$1012,$O5)*('Дані_зв''язок'!$C$4:$C$1012=E$4),'Дані_зв''язок'!$D$4:$D$1012,"")))} | F5: {=IF($O5="","",_xlfn.TEXTJOIN(", ",TRUE,IF(EXACT('Дані_зв''язок'!$J$4:$J$1012,$O5)*('Дані_зв''язок'!$C$4:$C$1012=F$4),'Дані_зв''язок'!$D$4:$D$1012,"")))} | G5: {=IF($O5="","",_xlfn.TEXTJOIN(", ",TRUE,IF(EXACT('Дані_зв''язок'!$J$4:$J$1012,$O5)*('Дані_зв''язок'!$C$4:$C$1012=G$4),'Дані_зв''язок'!$D$4:$D$1012,"")))} -> 13:00 | H5: {=IF($O5="","",_xlfn.TEXTJOIN(", ",TRUE,IF(EXACT('Дані_зв''язок'!$J$4:$J$1012,$O5)*('Дані_зв''язок'!$C$4:$C$1012=H$4),'Дані_зв''язок'!$D$4:$D$1012,"")))} | I5: {=IF($O5="","",_xlfn.TEXTJOIN(", ",TRUE,IF(EXACT('Дані_зв''язок'!$J$4:$J$1012,$O5)*('Дані_зв''язок'!$C$4:$C$1012=I$4),'Дані_зв''язок'!$D$4:$D$1012,"")))} | J5: {=IF($O5="","",COUNTIF(C5:I5,"?*")+SUMPRODUCT(LEN(C5:I5)-LEN(SUBSTITUTE(C5:I5,",",""))))} -> 1 | K5: {=IF($O5="","",_xlfn.TEXTJOIN(", ",TRUE,IF(EXACT('Дані_зв''язок'!$J$4:$J$1012,$O5),'Дані_зв''язок'!$L$4:$L$1012,"")))} -> №5 | L5: {=IF($O5="","",_xlfn.TEXTJOIN(", ",TRUE,IF(EXACT('Дані_зв''язок'!$J$4:$J$1012,$O5),'Дані_зв''язок'!$M$4:$M$1012,"")))} -> МАЗ 4381 | M5: {=IF($O5="","",IF(SUMPRODUCT(MAX(EXACT('Дані_зв''язок'!$J$4:$J$1012,$O5)*IFERROR('Дані_зв''язок'!$H$4:$H$1012,0)))=0,"",SUMPRODUCT(MAX(EXACT('Дані_зв''язок'!$J$4:$J$1012,$O5)*IFERROR('Дані_зв''язок'!$H$4:$H$1012,0)))))} | O5: 1 в'їзд Вишневий| | P5: {=IF($O5="","",IF($B5="","",IFERROR(IF(MIN(IFERROR(VALUE(TRIM(MID(SUBSTITUTE(SUBSTITUTE($B5,","," ")," ",REPT(" ",30)),{1;31;61;91;121;151;181},30))),""))=0,"",MIN(IFERROR(VALUE(TRIM(MID(SUBSTITUTE(SUBSTITUTE($B5,","," ")," ",REPT(" ",30)),{1;31;61;91;121;151;181},30))),""))),"")))} | Q5: =IF($O5="","","Прилуки, Чернігівська обл., "&$A5&IF($P5="","",", "&$P5)) -> Прилуки, Чернігівська обл., 1 в'їзд Вишневий | R5: 50.583804 | S5: 32.424890 | T5: =IF($O5="","",IFERROR(INDEX('Координати майданчиків'!$B$4:$B$64,MATCH($A5&IF($P5="","",", "&$P5),'Координати майданчиків'!$B$4:$B$64,0)),IFERROR(INDEX('Координати майданчиків'!$B$4:$B$64,MATCH($A5,'Координати майданчиків'!$B$4:$B$64,0)),"")))
A6: =IF($O6="","",LEFT($O6,FIND("|",$O6)-1)) -> 1 пров. Європейський | B6: =IF($O6="","",MID($O6,FIND("|",$O6)+1,999)) | C6: {=IF($O6="","",_xlfn.TEXTJOIN(", ",TRUE,IF(EXACT('Дані_зв''язок'!$J$4:$J$1012,$O6)*('Дані_зв''язок'!$C$4:$C$1012=C$4),'Дані_зв''язок'!$D$4:$D$1012,"")))} | D6: {=IF($O6="","",_xlfn.TEXTJOIN(", ",TRUE,IF(EXACT('Дані_зв''язок'!$J$4:$J$1012,$O6)*('Дані_зв''язок'!$C$4:$C$1012=D$4),'Дані_зв''язок'!$D$4:$D$1012,"")))} | E6: {=IF($O6="","",_xlfn.TEXTJOIN(", ",TRUE,IF(EXACT('Дані_зв''язок'!$J$4:$J$1012,$O6)*('Дані_зв''язок'!$C$4:$C$1012=E$4),'Дані_зв''язок'!$D$4:$D$1012,"")))} | F6: {=IF($O6="","",_xlfn.TEXTJOIN(", ",TRUE,IF(EXACT('Дані_зв''язок'!$J$4:$J$1012,$O6)*('Дані_зв''язок'!$C$4:$C$1012=F$4),'Дані_зв''язок'!$D$4:$D$1012,"")))} -> 9:00 | G6: {=IF($O6="","",_xlfn.TEXTJOIN(", ",TRUE,IF(EXACT('Дані_зв''язок'!$J$4:$J$1012,$O6)*('Дані_зв''язок'!$C$4:$C$1012=G$4),'Дані_зв''язок'!$D$4:$D$1012,"")))} | H6: {=IF($O6="","",_xlfn.TEXTJOIN(", ",TRUE,IF(EXACT('Дані_зв''язок'!$J$4:$J$1012,$O6)*('Дані_зв''язок'!$C$4:$C$1012=H$4),'Дані_зв''язок'!$D$4:$D$1012,"")))} | I6: {=IF($O6="","",_xlfn.TEXTJOIN(", ",TRUE,IF(EXACT('Дані_зв''язок'!$J$4:$J$1012,$O6)*('Дані_зв''язок'!$C$4:$C$1012=I$4),'Дані_зв''язок'!$D$4:$D$1012,"")))} | J6: {=IF($O6="","",COUNTIF(C6:I6,"?*")+SUMPRODUCT(LEN(C6:I6)-LEN(SUBSTITUTE(C6:I6,",",""))))} -> 1 | K6: {=IF($O6="","",_xlfn.TEXTJOIN(", ",TRUE,IF(EXACT('Дані_зв''язок'!$J$4:$J$1012,$O6),'Дані_зв''язок'!$L$4:$L$1012,"")))} -> №5 | L6: {=IF($O6="","",_xlfn.TEXTJOIN(", ",TRUE,IF(EXACT('Дані_зв''язок'!$J$4:$J$1012,$O6),'Дані_зв''язок'!$M$4:$M$1012,"")))} -> МАЗ 4381 | M6: {=IF($O6="","",IF(SUMPRODUCT(MAX(EXACT('Дані_зв''язок'!$J$4:$J$1012,$O6)*IFERROR('Дані_зв''язок'!$H$4:$H$1012,0)))=0,"",SUMPRODUCT(MAX(EXACT('Дані_зв''язок'!$J$4:$J$1012,$O6)*IFERROR('Дані_зв''язок'!$H$4:$H$1012,0)))))} | O6: 1 пров. Європейський| | P6: {=IF($O6="","",IF($B6="","",IFERROR(IF(MIN(IFERROR(VALUE(TRIM(MID(SUBSTITUTE(SUBSTITUTE($B6,","," ")," ",REPT(" ",30)),{1;31;61;91;121;151;181},30))),""))=0,"",MIN(IFERROR(VALUE(TRIM(MID(SUBSTITUTE(SUBSTITUTE($B6,","," ")," ",REPT(" ",30)),{1;31;61;91;121;151;181},30))),""))),"")))} | Q6: =IF($O6="","","Прилуки, Чернігівська обл., "&$A6&IF($P6="","",", "&$P6)) -> Прилуки, Чернігівська обл., 1 пров. Європейський | R6: =IF($O6="","",IFERROR(INDEX('Координати майданчиків'!$H$4:$H$64,MATCH($T6,'Координати майданчиків'!$B$4:$B$64,0)),IFERROR(IF(ABS(INDEX(Геокодування!$C$2:$C$361,MATCH($Q6,Геокодування!$B$2:$B$361,0))-50.5884)+ABS(INDEX(Геокодування!$D$2:$D$361,MATCH($Q6,Геокодування!$B$2:$B$361,0))-32.3876)>0.15,"",INDEX(Геокодування!$C$2:$C$361,MATCH($Q6,Геокодування!$B$2:$B$361,0))),IFERROR(IF(ABS(INDEX(Геокодування!$C$2:$C$361,MATCH("Прилуки, Чернігівська обл., "&$A6,Геокодування!$B$2:$B$361,0))-50.5884)+ABS(INDEX(Геокодування!$D$2:$D$361,MATCH("Прилуки, Чернігівська обл., "&$A6,Геокодування!$B$2:$B$361,0))-32.3876)>0.15,"",INDEX(Геокодування!$C$2:$C$361,MATCH("Прилуки, Чернігівська обл., "&$A6,Геокодування!$B$2:$B$361,0))),"")))) -> 50.593848 | S6: =IF($O6="","",IFERROR(INDEX('Координати майданчиків'!$I$4:$I$64,MATCH($T6,'Координати майданчиків'!$B$4:$B$64,0)),IFERROR(IF(ABS(INDEX(Геокодування!$C$2:$C$361,MATCH($Q6,Геокодування!$B$2:$B$361,0))-50.5884)+ABS(INDEX(Геокодування!$D$2:$D$361,MATCH($Q6,Геокодування!$B$2:$B$361,0))-32.3876)>0.15,"",INDEX(Геокодування!$D$2:$D$361,MATCH($Q6,Геокодування!$B$2:$B$361,0))),IFERROR(IF(ABS(INDEX(Геокодування!$C$2:$C$361,MATCH("Прилуки, Чернігівська обл., "&$A6,Геокодування!$B$2:$B$361,0))-50.5884)+ABS(INDEX(Геокодування!$D$2:$D$361,MATCH("Прилуки, Чернігівська обл., "&$A6,Геокодування!$B$2:$B$361,0))-32.3876)>0.15,"",INDEX(Геокодування!$D$2:$D$361,MATCH("Прилуки, Чернігівська обл., "&$A6,Геокодування!$B$2:$B$361,0))),"")))) -> 32.365535 | T6: =IF($O6="","",IFERROR(INDEX('Координати майданчиків'!$B$4:$B$64,MATCH($A6&IF($P6="","",", "&$P6),'Координати майданчиків'!$B$4:$B$64,0)),IFERROR(INDEX('Координати майданчиків'!$B$4:$B$64,MATCH($A6,'Координати майданчиків'!$B$4:$B$64,0)),"")))
A7: =IF($O7="","",LEFT($O7,FIND("|",$O7)-1)) -> 1 пров. І. Сірка | B7: =IF($O7="","",MID($O7,FIND("|",$O7)+1,999)) | C7: {=IF($O7="","",_xlfn.TEXTJOIN(", ",TRUE,IF(EXACT('Дані_зв''язок'!$J$4:$J$1012,$O7)*('Дані_зв''язок'!$C$4:$C$1012=C$4),'Дані_зв''язок'!$D$4:$D$1012,"")))} | D7: {=IF($O7="","",_xlfn.TEXTJOIN(", ",TRUE,IF(EXACT('Дані_зв''язок'!$J$4:$J$1012,$O7)*('Дані_зв''язок'!$C$4:$C$1012=D$4),'Дані_зв''язок'!$D$4:$D$1012,"")))} -> 12:20 | E7: {=IF($O7="","",_xlfn.TEXTJOIN(", ",TRUE,IF(EXACT('Дані_зв''язок'!$J$4:$J$1012,$O7)*('Дані_зв''язок'!$C$4:$C$1012=E$4),'Дані_зв''язок'!$D$4:$D$1012,"")))} | F7: {=IF($O7="","",_xlfn.TEXTJOIN(", ",TRUE,IF(EXACT('Дані_зв''язок'!$J$4:$J$1012,$O7)*('Дані_зв''язок'!$C$4:$C$1012=F$4),'Дані_зв''язок'!$D$4:$D$1012,"")))} | G7: {=IF($O7="","",_xlfn.TEXTJOIN(", ",TRUE,IF(EXACT('Дані_зв''язок'!$J$4:$J$1012,$O7)*('Дані_зв''язок'!$C$4:$C$1012=G$4),'Дані_зв''язок'!$D$4:$D$1012,"")))} | H7: {=IF($O7="","",_xlfn.TEXTJOIN(", ",TRUE,IF(EXACT('Дані_зв''язок'!$J$4:$J$1012,$O7)*('Дані_зв''язок'!$C$4:$C$1012=H$4),'Дані_зв''язок'!$D$4:$D$1012,"")))} | I7: {=IF($O7="","",_xlfn.TEXTJOIN(", ",TRUE,IF(EXACT('Дані_зв''язок'!$J$4:$J$1012,$O7)*('Дані_зв''язок'!$C$4:$C$1012=I$4),'Дані_зв''язок'!$D$4:$D$1012,"")))} | J7: {=IF($O7="","",COUNTIF(C7:I7,"?*")+SUMPRODUCT(LEN(C7:I7)-LEN(SUBSTITUTE(C7:I7,",",""))))} -> 1 | K7: {=IF($O7="","",_xlfn.TEXTJOIN(", ",TRUE,IF(EXACT('Дані_зв''язок'!$J$4:$J$1012,$O7),'Дані_зв''язок'!$L$4:$L$1012,"")))} -> №5 | L7: {=IF($O7="","",_xlfn.TEXTJOIN(", ",TRUE,IF(EXACT('Дані_зв''язок'!$J$4:$J$1012,$O7),'Дані_зв''язок'!$M$4:$M$1012,"")))} -> МАЗ 4381 | M7: {=IF($O7="","",IF(SUMPRODUCT(MAX(EXACT('Дані_зв''язок'!$J$4:$J$1012,$O7)*IFERROR('Дані_зв''язок'!$H$4:$H$1012,0)))=0,"",SUMPRODUCT(MAX(EXACT('Дані_зв''язок'!$J$4:$J$1012,$O7)*IFERROR('Дані_зв''язок'!$H$4:$H$1012,0)))))} | O7: 1 пров. І. Сірка| | P7: {=IF($O7="","",IF($B7="","",IFERROR(IF(MIN(IFERROR(VALUE(TRIM(MID(SUBSTITUTE(SUBSTITUTE($B7,","," ")," ",REPT(" ",30)),{1;31;61;91;121;151;181},30))),""))=0,"",MIN(IFERROR(VALUE(TRIM(MID(SUBSTITUTE(SUBSTITUTE($B7,","," ")," ",REPT(" ",30)),{1;31;61;91;121;151;181},30))),""))),"")))} | Q7: =IF($O7="","","Прилуки, Чернігівська обл., "&$A7&IF($P7="","",", "&$P7)) -> Прилуки, Чернігівська обл., 1 пров. І. Сірка | R7: =IF($O7="","",IFERROR(INDEX('Координати майданчиків'!$H$4:$H$64,MATCH($T7,'Координати майданчиків'!$B$4:$B$64,0)),IFERROR(IF(ABS(INDEX(Геокодування!$C$2:$C$361,MATCH($Q7,Геокодування!$B$2:$B$361,0))-50.5884)+ABS(INDEX(Геокодування!$D$2:$D$361,MATCH($Q7,Геокодування!$B$2:$B$361,0))-32.3876)>0.15,"",INDEX(Геокодування!$C$2:$C$361,MATCH($Q7,Геокодування!$B$2:$B$361,0))),IFERROR(IF(ABS(INDEX(Геокодування!$C$2:$C$361,MATCH("Прилуки, Чернігівська обл., "&$A7,Геокодування!$B$2:$B$361,0))-50.5884)+ABS(INDEX(Геокодування!$D$2:$D$361,MATCH("Прилуки, Чернігівська обл., "&$A7,Геокодування!$B$2:$B$361,0))-32.3876)>0.15,"",INDEX(Геокодування!$C$2:$C$361,MATCH("Прилуки, Чернігівська обл., "&$A7,Геокодування!$B$2:$B$361,0))),"")))) -> 50.6032 | S7: =IF($O7="","",IFERROR(INDEX('Координати майданчиків'!$I$4:$I$64,MATCH($T7,'Координати майданчиків'!$B$4:$B$64,0)),IFERROR(IF(ABS(INDEX(Геокодування!$C$2:$C$361,MATCH($Q7,Геокодування!$B$2:$B$361,0))-50.5884)+ABS(INDEX(Геокодування!$D$2:$D$361,MATCH($Q7,Геокодування!$B$2:$B$361,0))-32.3876)>0.15,"",INDEX(Геокодування!$D$2:$D$361,MATCH($Q7,Геокодування!$B$2:$B$361,0))),IFERROR(IF(ABS(INDEX(Геокодування!$C$2:$C$361,MATCH("Прилуки, Чернігівська обл., "&$A7,Геокодування!$B$2:$B$361,0))-50.5884)+ABS(INDEX(Геокодування!$D$2:$D$361,MATCH("Прилуки, Чернігівська обл., "&$A7,Геокодування!$B$2:$B$361,0))-32.3876)>0.15,"",INDEX(Геокодування!$D$2:$D$361,MATCH("Прилуки, Чернігівська обл., "&$A7,Геокодування!$B$2:$B$361,0))),"")))) -> 32.330293 | T7: =IF($O7="","",IFERROR(INDEX('Координати майданчиків'!$B$4:$B$64,MATCH($A7&IF($P7="","",", "&$P7),'Координати майданчиків'!$B$4:$B$64,0)),IFERROR(INDEX('Координати майданчиків'!$B$4:$B$64,MATCH($A7,'Координати майданчиків'!$B$4:$B$64,0)),"")))
A8: =IF($O8="","",LEFT($O8,FIND("|",$O8)-1)) -> 1 пров. Андріївський | B8: =IF($O8="","",MID($O8,FIND("|",$O8)+1,999)) | C8: {=IF($O8="","",_xlfn.TEXTJOIN(", ",TRUE,IF(EXACT('Дані_зв''язок'!$J$4:$J$1012,$O8)*('Дані_зв''язок'!$C$4:$C$1012=C$4),'Дані_зв''язок'!$D$4:$D$1012,"")))} | D8: {=IF($O8="","",_xlfn.TEXTJOIN(", ",TRUE,IF(EXACT('Дані_зв''язок'!$J$4:$J$1012,$O8)*('Дані_зв''язок'!$C$4:$C$1012=D$4),'Дані_зв''язок'!$D$4:$D$1012,"")))} | E8: {=IF($O8="","",_xlfn.TEXTJOIN(", ",TRUE,IF(EXACT('Дані_зв''язок'!$J$4:$J$1012,$O8)*('Дані_зв''язок'!$C$4:$C$1012=E$4),'Дані_зв''язок'!$D$4:$D$1012,"")))} -> 10:40 | F8: {=IF($O8="","",_xlfn.TEXTJOIN(", ",TRUE,IF(EXACT('Дані_зв''язок'!$J$4:$J$1012,$O8)*('Дані_зв''язок'!$C$4:$C$1012=F$4),'Дані_зв''язок'!$D$4:$D$1012,"")))} | G8: {=IF($O8="","",_xlfn.TEXTJOIN(", ",TRUE,IF(EXACT('Дані_зв''язок'!$J$4:$J$1012,$O8)*('Дані_зв''язок'!$C$4:$C$1012=G$4),'Дані_зв''язок'!$D$4:$D$1012,"")))} | H8: {=IF($O8="","",_xlfn.TEXTJOIN(", ",TRUE,IF(EXACT('Дані_зв''язок'!$J$4:$J$1012,$O8)*('Дані_зв''язок'!$C$4:$C$1012=H$4),'Дані_зв''язок'!$D$4:$D$1012,"")))} | I8: {=IF($O8="","",_xlfn.TEXTJOIN(", ",TRUE,IF(EXACT('Дані_зв''язок'!$J$4:$J$1012,$O8)*('Дані_зв''язок'!$C$4:$C$1012=I$4),'Дані_зв''язок'!$D$4:$D$1012,"")))} | J8: {=IF($O8="","",COUNTIF(C8:I8,"?*")+SUMPRODUCT(LEN(C8:I8)-LEN(SUBSTITUTE(C8:I8,",",""))))} -> 1 | K8: {=IF($O8="","",_xlfn.TEXTJOIN(", ",TRUE,IF(EXACT('Дані_зв''язок'!$J$4:$J$1012,$O8),'Дані_зв''язок'!$L$4:$L$1012,"")))} -> №5 | L8: {=IF($O8="","",_xlfn.TEXTJOIN(", ",TRUE,IF(EXACT('Дані_зв''язок'!$J$4:$J$1012,$O8),'Дані_зв''язок'!$M$4:$M$1012,"")))} -> МАЗ 4381 | M8: {=IF($O8="","",IF(SUMPRODUCT(MAX(EXACT('Дані_зв''язок'!$J$4:$J$1012,$O8)*IFERROR('Дані_зв''язок'!$H$4:$H$1012,0)))=0,"",SUMPRODUCT(MAX(EXACT('Дані_зв''язок'!$J$4:$J$1012,$O8)*IFERROR('Дані_зв''язок'!$H$4:$H$1012,0)))))} | O8: 1 пров. Андріївський| | P8: {=IF($O8="","",IF($B8="","",IFERROR(IF(MIN(IFERROR(VALUE(TRIM(MID(SUBSTITUTE(SUBSTITUTE($B8,","," ")," ",REPT(" ",30)),{1;31;61;91;121;151;181},30))),""))=0,"",MIN(IFERROR(VALUE(TRIM(MID(SUBSTITUTE(SUBSTITUTE($B8,","," ")," ",REPT(" ",30)),{1;31;61;91;121;151;181},30))),""))),"")))} | Q8: =IF($O8="","","Прилуки, Чернігівська обл., "&$A8&IF($P8="","",", "&$P8)) -> Прилуки, Чернігівська обл., 1 пров. Андріївський | R8: =IF($O8="","",IFERROR(INDEX('Координати майданчиків'!$H$4:$H$64,MATCH($T8,'Координати майданчиків'!$B$4:$B$64,0)),IFERROR(IF(ABS(INDEX(Геокодування!$C$2:$C$361,MATCH($Q8,Геокодування!$B$2:$B$361,0))-50.5884)+ABS(INDEX(Геокодування!$D$2:$D$361,MATCH($Q8,Геокодування!$B$2:$B$361,0))-32.3876)>0.15,"",INDEX(Геокодування!$C$2:$C$361,MATCH($Q8,Геокодування!$B$2:$B$361,0))),IFERROR(IF(ABS(INDEX(Геокодування!$C$2:$C$361,MATCH("Прилуки, Чернігівська обл., "&$A8,Геокодування!$B$2:$B$361,0))-50.5884)+ABS(INDEX(Геокодування!$D$2:$D$361,MATCH("Прилуки, Чернігівська обл., "&$A8,Геокодування!$B$2:$B$361,0))-32.3876)>0.15,"",INDEX(Геокодування!$C$2:$C$361,MATCH("Прилуки, Чернігівська обл., "&$A8,Геокодування!$B$2:$B$361,0))),"")))) -> 50.591387 | S8: =IF($O8="","",IFERROR(INDEX('Координати майданчиків'!$I$4:$I$64,MATCH($T8,'Координати майданчиків'!$B$4:$B$64,0)),IFERROR(IF(ABS(INDEX(Геокодування!$C$2:$C$361,MATCH($Q8,Геокодування!$B$2:$B$361,0))-50.5884)+ABS(INDEX(Геокодування!$D$2:$D$361,MATCH($Q8,Геокодування!$B$2:$B$361,0))-32.3876)>0.15,"",INDEX(Геокодування!$D$2:$D$361,MATCH($Q8,Геокодування!$B$2:$B$361,0))),IFERROR(IF(ABS(INDEX(Геокодування!$C$2:$C$361,MATCH("Прилуки, Чернігівська обл., "&$A8,Геокодування!$B$2:$B$361,0))-50.5884)+ABS(INDEX(Геокодування!$D$2:$D$361,MATCH("Прилуки, Чернігівська обл., "&$A8,Геокодування!$B$2:$B$361,0))-32.3876)>0.15,"",INDEX(Геокодування!$D$2:$D$361,MATCH("Прилуки, Чернігівська обл., "&$A8,Геокодування!$B$2:$B$361,0))),"")))) -> 32.370229 | T8: =IF($O8="","",IFERROR(INDEX('Координати майданчиків'!$B$4:$B$64,MATCH($A8&IF($P8="","",", "&$P8),'Координати майданчиків'!$B$4:$B$64,0)),IFERROR(INDEX('Координати майданчиків'!$B$4:$B$64,MATCH($A8,'Координати майданчиків'!$B$4:$B$64,0)),"")))
A9: =IF($O9="","",LEFT($O9,FIND("|",$O9)-1)) -> 1 пров. В. Стуса | B9: =IF($O9="","",MID($O9,FIND("|",$O9)+1,999)) | C9: {=IF($O9="","",_xlfn.TEXTJOIN(", ",TRUE,IF(EXACT('Дані_зв''язок'!$J$4:$J$1012,$O9)*('Дані_зв''язок'!$C$4:$C$1012=C$4),'Дані_зв''язок'!$D$4:$D$1012,"")))} | D9: {=IF($O9="","",_xlfn.TEXTJOIN(", ",TRUE,IF(EXACT('Дані_зв''язок'!$J$4:$J$1012,$O9)*('Дані_зв''язок'!$C$4:$C$1012=D$4),'Дані_зв''язок'!$D$4:$D$1012,"")))} | E9: {=IF($O9="","",_xlfn.TEXTJOIN(", ",TRUE,IF(EXACT('Дані_зв''язок'!$J$4:$J$1012,$O9)*('Дані_зв''язок'!$C$4:$C$1012=E$4),'Дані_зв''язок'!$D$4:$D$1012,"")))} | F9: {=IF($O9="","",_xlfn.TEXTJOIN(", ",TRUE,IF(EXACT('Дані_зв''язок'!$J$4:$J$1012,$O9)*('Дані_зв''язок'!$C$4:$C$1012=F$4),'Дані_зв''язок'!$D$4:$D$1012,"")))} -> 12:45 | G9: {=IF($O9="","",_xlfn.TEXTJOIN(", ",TRUE,IF(EXACT('Дані_зв''язок'!$J$4:$J$1012,$O9)*('Дані_зв''язок'!$C$4:$C$1012=G$4),'Дані_зв''язок'!$D$4:$D$1012,"")))} | H9: {=IF($O9="","",_xlfn.TEXTJOIN(", ",TRUE,IF(EXACT('Дані_зв''язок'!$J$4:$J$1012,$O9)*('Дані_зв''язок'!$C$4:$C$1012=H$4),'Дані_зв''язок'!$D$4:$D$1012,"")))} | I9: {=IF($O9="","",_xlfn.TEXTJOIN(", ",TRUE,IF(EXACT('Дані_зв''язок'!$J$4:$J$1012,$O9)*('Дані_зв''язок'!$C$4:$C$1012=I$4),'Дані_зв''язок'!$D$4:$D$1012,"")))} | J9: {=IF($O9="","",COUNTIF(C9:I9,"?*")+SUMPRODUCT(LEN(C9:I9)-LEN(SUBSTITUTE(C9:I9,",",""))))} -> 1 | K9: {=IF($O9="","",_xlfn.TEXTJOIN(", ",TRUE,IF(EXACT('Дані_зв''язок'!$J$4:$J$1012,$O9),'Дані_зв''язок'!$L$4:$L$1012,"")))} -> №5 | L9: {=IF($O9="","",_xlfn.TEXTJOIN(", ",TRUE,IF(EXACT('Дані_зв''язок'!$J$4:$J$1012,$O9),'Дані_зв''язок'!$M$4:$M$1012,"")))} -> МАЗ 4381 | M9: {=IF($O9="","",IF(SUMPRODUCT(MAX(EXACT('Дані_зв''язок'!$J$4:$J$1012,$O9)*IFERROR('Дані_зв''язок'!$H$4:$H$1012,0)))=0,"",SUMPRODUCT(MAX(EXACT('Дані_зв''язок'!$J$4:$J$1012,$O9)*IFERROR('Дані_зв''язок'!$H$4:$H$1012,0)))))} | O9: 1 пров. В. Стуса| | P9: {=IF($O9="","",IF($B9="","",IFERROR(IF(MIN(IFERROR(VALUE(TRIM(MID(SUBSTITUTE(SUBSTITUTE($B9,","," ")," ",REPT(" ",30)),{1;31;61;91;121;151;181},30))),""))=0,"",MIN(IFERROR(VALUE(TRIM(MID(SUBSTITUTE(SUBSTITUTE($B9,","," ")," ",REPT(" ",30)),{1;31;61;91;121;151;181},30))),""))),"")))} | Q9: =IF($O9="","","Прилуки, Чернігівська обл., "&$A9&IF($P9="","",", "&$P9)) -> Прилуки, Чернігівська обл., 1 пров. В. Стуса | R9: =IF($O9="","",IFERROR(INDEX('Координати майданчиків'!$H$4:$H$64,MATCH($T9,'Координати майданчиків'!$B$4:$B$64,0)),IFERROR(IF(ABS(INDEX(Геокодування!$C$2:$C$361,MATCH($Q9,Геокодування!$B$2:$B$361,0))-50.5884)+ABS(INDEX(Геокодування!$D$2:$D$361,MATCH($Q9,Геокодування!$B$2:$B$361,0))-32.3876)>0.15,"",INDEX(Геокодування!$C$2:$C$361,MATCH($Q9,Геокодування!$B$2:$B$361,0))),IFERROR(IF(ABS(INDEX(Геокодування!$C$2:$C$361,MATCH("Прилуки, Чернігівська обл., "&$A9,Геокодування!$B$2:$B$361,0))-50.5884)+ABS(INDEX(Геокодування!$D$2:$D$361,MATCH("Прилуки, Чернігівська обл., "&$A9,Геокодування!$B$2:$B$361,0))-32.3876)>0.15,"",INDEX(Геокодування!$C$2:$C$361,MATCH("Прилуки, Чернігівська обл., "&$A9,Геокодування!$B$2:$B$361,0))),"")))) -> 50.579769 | S9: =IF($O9="","",IFERROR(INDEX('Координати майданчиків'!$I$4:$I$64,MATCH($T9,'Координати майданчиків'!$B$4:$B$64,0)),IFERROR(IF(ABS(INDEX(Геокодування!$C$2:$C$361,MATCH($Q9,Геокодування!$B$2:$B$361,0))-50.5884)+ABS(INDEX(Геокодування!$D$2:$D$361,MATCH($Q9,Геокодування!$B$2:$B$361,0))-32.3876)>0.15,"",INDEX(Геокодування!$D$2:$D$361,MATCH($Q9,Геокодування!$B$2:$B$361,0))),IFERROR(IF(ABS(INDEX(Геокодування!$C$2:$C$361,MATCH("Прилуки, Чернігівська обл., "&$A9,Геокодування!$B$2:$B$361,0))-50.5884)+ABS(INDEX(Геокодування!$D$2:$D$361,MATCH("Прилуки, Чернігівська обл., "&$A9,Геокодування!$B$2:$B$361,0))-32.3876)>0.15,"",INDEX(Геокодування!$D$2:$D$361,MATCH("Прилуки, Чернігівська обл., "&$A9,Геокодування!$B$2:$B$361,0))),"")))) -> 32.420833 | T9: =IF($O9="","",IFERROR(INDEX('Координати майданчиків'!$B$4:$B$64,MATCH($A9&IF($P9="","",", "&$P9),'Координати майданчиків'!$B$4:$B$64,0)),IFERROR(INDEX('Координати майданчиків'!$B$4:$B$64,MATCH($A9,'Координати майданчиків'!$B$4:$B$64,0)),"")))
A10: =IF($O10="","",LEFT($O10,FIND("|",$O10)-1)) -> 1 пров. Героїв Чорнобиля | B10: =IF($O10="","",MID($O10,FIND("|",$O10)+1,999)) -> 2,10 24 | C10: {=IF($O10="","",_xlfn.TEXTJOIN(", ",TRUE,IF(EXACT('Дані_зв''язок'!$J$4:$J$1012,$O10)*('Дані_зв''язок'!$C$4:$C$1012=C$4),'Дані_зв''язок'!$D$4:$D$1012,"")))} | D10: {=IF($O10="","",_xlfn.TEXTJOIN(", ",TRUE,IF(EXACT('Дані_зв''язок'!$J$4:$J$1012,$O10)*('Дані_зв''язок'!$C$4:$C$1012=D$4),'Дані_зв''язок'!$D$4:$D$1012,"")))} | E10: {=IF($O10="","",_xlfn.TEXTJOIN(", ",TRUE,IF(EXACT('Дані_зв''язок'!$J$4:$J$1012,$O10)*('Дані_зв''язок'!$C$4:$C$1012=E$4),'Дані_зв''язок'!$D$4:$D$1012,"")))} | F10: {=IF($O10="","",_xlfn.TEXTJOIN(", ",TRUE,IF(EXACT('Дані_зв''язок'!$J$4:$J$1012,$O10)*('Дані_зв''язок'!$C$4:$C$1012=F$4),'Дані_зв''язок'!$D$4:$D$1012,"")))} | G10: {=IF($O10="","",_xlfn.TEXTJOIN(", ",TRUE,IF(EXACT('Дані_зв''язок'!$J$4:$J$1012,$O10)*('Дані_зв''язок'!$C$4:$C$1012=G$4),'Дані_зв''язок'!$D$4:$D$1012,"")))} -> 10:45 | H10: {=IF($O10="","",_xlfn.TEXTJOIN(", ",TRUE,IF(EXACT('Дані_зв''язок'!$J$4:$J$1012,$O10)*('Дані_зв''язок'!$C$4:$C$1012=H$4),'Дані_зв''язок'!$D$4:$D$1012,"")))} | I10: {=IF($O10="","",_xlfn.TEXTJOIN(", ",TRUE,IF(EXACT('Дані_зв''язок'!$J$4:$J$1012,$O10)*('Дані_зв''язок'!$C$4:$C$1012=I$4),'Дані_зв''язок'!$D$4:$D$1012,"")))} | J10: {=IF($O10="","",COUNTIF(C10:I10,"?*")+SUMPRODUCT(LEN(C10:I10)-LEN(SUBSTITUTE(C10:I10,",",""))))} -> 1 | K10: {=IF($O10="","",_xlfn.TEXTJOIN(", ",TRUE,IF(EXACT('Дані_зв''язок'!$J$4:$J$1012,$O10),'Дані_зв''язок'!$L$4:$L$1012,"")))} -> №6 | L10: {=IF($O10="","",_xlfn.TEXTJOIN(", ",TRUE,IF(EXACT('Дані_зв''язок'!$J$4:$J$1012,$O10),'Дані_зв''язок'!$M$4:$M$1012,"")))} -> АТ 4021 | M10: {=IF($O10="","",IF(SUMPRODUCT(MAX(EXACT('Дані_зв''язок'!$J$4:$J$1012,$O10)*IFERROR('Дані_зв''язок'!$H$4:$H$1012,0)))=0,"",SUMPRODUCT(MAX(EXACT('Дані_зв''язок'!$J$4:$J$1012,$O10)*IFERROR('Дані_зв''язок'!$H$4:$H$1012,0)))))} | O10: 1 пров. Героїв Чорнобиля|2,10 24 | P10: {=IF($O10="","",IF($B10="","",IFERROR(IF(MIN(IFERROR(VALUE(TRIM(MID(SUBSTITUTE(SUBSTITUTE($B10,","," ")," ",REPT(" ",30)),{1;31;61;91;121;151;181},30))),""))=0,"",MIN(IFERROR(VALUE(TRIM(MID(SUBSTITUTE(SUBSTITUTE($B10,","," ")," ",REPT(" ",30)),{1;31;61;91;121;151;181},30))),""))),"")))} -> 2 | Q10: =IF($O10="","","Прилуки, Чернігівська обл., "&$A10&IF($P10="","",", "&$P10)) -> Прилуки, Чернігівська обл., 1 пров. Героїв Чорнобиля, 2 | R10: =IF($O10="","",IFERROR(INDEX('Координати майданчиків'!$H$4:$H$64,MATCH($T10,'Координати майданчиків'!$B$4:$B$64,0)),IFERROR(IF(ABS(INDEX(Геокодування!$C$2:$C$361,MATCH($Q10,Геокодування!$B$2:$B$361,0))-50.5884)+ABS(INDEX(Геокодування!$D$2:$D$361,MATCH($Q10,Геокодування!$B$2:$B$361,0))-32.3876)>0.15,"",INDEX(Геокодування!$C$2:$C$361,MATCH($Q10,Геокодування!$B$2:$B$361,0))),IFERROR(IF(ABS(INDEX(Геокодування!$C$2:$C$361,MATCH("Прилуки, Чернігівська обл., "&$A10,Геокодування!$B$2:$B$361,0))-50.5884)+ABS(INDEX(Геокодування!$D$2:$D$361,MATCH("Прилуки, Чернігівська обл., "&$A10,Геокодування!$B$2:$B$361,0))-32.3876)>0.15,"",INDEX(Геокодування!$C$2:$C$361,MATCH("Прилуки, Чернігівська обл., "&$A10,Геокодування!$B$2:$B$361,0))),"")))) -> 50.594935 | S10: =IF($O10="","",IFERROR(INDEX('Координати майданчиків'!$I$4:$I$64,MATCH($T10,'Координати майданчиків'!$B$4:$B$64,0)),IFERROR(IF(ABS(INDEX(Геокодування!$C$2:$C$361,MATCH($Q10,Геокодування!$B$2:$B$361,0))-50.5884)+ABS(INDEX(Геокодування!$D$2:$D$361,MATCH($Q10,Геокодування!$B$2:$B$361,0))-32.3876)>0.15,"",INDEX(Геокодування!$D$2:$D$361,MATCH($Q10,Геокодування!$B$2:$B$361,0))),IFERROR(IF(ABS(INDEX(Геокодування!$C$2:$C$361,MATCH("Прилуки, Чернігівська обл., "&$A10,Геокодування!$B$2:$B$361,0))-50.5884)+ABS(INDEX(Геокодування!$D$2:$D$361,MATCH("Прилуки, Чернігівська обл., "&$A10,Геокодування!$B$2:$B$361,0))-32.3876)>0.15,"",INDEX(Геокодування!$D$2:$D$361,MATCH("Прилуки, Чернігівська обл., "&$A10,Геокодування!$B$2:$B$361,0))),"")))) -> 32.415867 | T10: =IF($O10="","",IFERROR(INDEX('Координати майданчиків'!$B$4:$B$64,MATCH($A10&IF($P10="","",", "&$P10),'Координати майданчиків'!$B$4:$B$64,0)),IFERROR(INDEX('Координати майданчиків'!$B$4:$B$64,MATCH($A10,'Координати майданчиків'!$B$4:$B$64,0)),"")))
A11: =IF($O11="","",LEFT($O11,FIND("|",$O11)-1)) -> 1 пров. Замостянський | B11: =IF($O11="","",MID($O11,FIND("|",$O11)+1,999)) -> 36,42 54 | C11: {=IF($O11="","",_xlfn.TEXTJOIN(", ",TRUE,IF(EXACT('Дані_зв''язок'!$J$4:$J$1012,$O11)*('Дані_зв''язок'!$C$4:$C$1012=C$4),'Дані_зв''язок'!$D$4:$D$1012,"")))} | D11: {=IF($O11="","",_xlfn.TEXTJOIN(", ",TRUE,IF(EXACT('Дані_зв''язок'!$J$4:$J$1012,$O11)*('Дані_зв''язок'!$C$4:$C$1012=D$4),'Дані_зв''язок'!$D$4:$D$1012,"")))} | E11: {=IF($O11="","",_xlfn.TEXTJOIN(", ",TRUE,IF(EXACT('Дані_зв''язок'!$J$4:$J$1012,$O11)*('Дані_зв''язок'!$C$4:$C$1012=E$4),'Дані_зв''язок'!$D$4:$D$1012,"")))} | F11: {=IF($O11="","",_xlfn.TEXTJOIN(", ",TRUE,IF(EXACT('Дані_зв''язок'!$J$4:$J$1012,$O11)*('Дані_зв''язок'!$C$4:$C$1012=F$4),'Дані_зв''язок'!$D$4:$D$1012,"")))} -> 9:55 | G11: {=IF($O11="","",_xlfn.TEXTJOIN(", ",TRUE,IF(EXACT('Дані_зв''язок'!$J$4:$J$1012,$O11)*('Дані_зв''язок'!$C$4:$C$1012=G$4),'Дані_зв''язок'!$D$4:$D$1012,"")))} | H11: {=IF($O11="","",_xlfn.TEXTJOIN(", ",TRUE,IF(EXACT('Дані_зв''язок'!$J$4:$J$1012,$O11)*('Дані_зв''язок'!$C$4:$C$1012=H$4),'Дані_зв''язок'!$D$4:$D$1012,"")))} | I11: {=IF($O11="","",_xlfn.TEXTJOIN(", ",TRUE,IF(EXACT('Дані_зв''язок'!$J$4:$J$1012,$O11)*('Дані_зв''язок'!$C$4:$C$1012=I$4),'Дані_зв''язок'!$D$4:$D$1012,"")))} | J11: {=IF($O11="","",COUNTIF(C11:I11,"?*")+SUMPRODUCT(LEN(C11:I11)-LEN(SUBSTITUTE(C11:I11,",",""))))} -> 1 | K11: {=IF($O11="","",_xlfn.TEXTJOIN(", ",TRUE,IF(EXACT('Дані_зв''язок'!$J$4:$J$1012,$O11),'Дані_зв''язок'!$L$4:$L$1012,"")))} -> №6 | L11: {=IF($O11="","",_xlfn.TEXTJOIN(", ",TRUE,IF(EXACT('Дані_зв''язок'!$J$4:$J$1012,$O11),'Дані_зв''язок'!$M$4:$M$1012,"")))} -> АТ 4021 | M11: {=IF($O11="","",IF(SUMPRODUCT(MAX(EXACT('Дані_зв''язок'!$J$4:$J$1012,$O11)*IFERROR('Дані_зв''язок'!$H$4:$H$1012,0)))=0,"",SUMPRODUCT(MAX(EXACT('Дані_зв''язок'!$J$4:$J$1012,$O11)*IFERROR('Дані_зв''язок'!$H$4:$H$1012,0)))))} | O11: 1 пров. Замостянський|36,42 54 | P11: {=IF($O11="","",IF($B11="","",IFERROR(IF(MIN(IFERROR(VALUE(TRIM(MID(SUBSTITUTE(SUBSTITUTE($B11,","," ")," ",REPT(" ",30)),{1;31;61;91;121;151;181},30))),""))=0,"",MIN(IFERROR(VALUE(TRIM(MID(SUBSTITUTE(SUBSTITUTE($B11,","," ")," ",REPT(" ",30)),{1;31;61;91;121;151;181},30))),""))),"")))} -> 36 | Q11: =IF($O11="","","Прилуки, Чернігівська обл., "&$A11&IF($P11="","",", "&$P11)) -> Прилуки, Чернігівська обл., 1 пров. Замостянський, 36 | R11: =IF($O11="","",IFERROR(INDEX('Координати майданчиків'!$H$4:$H$64,MATCH($T11,'Координати майданчиків'!$B$4:$B$64,0)),IFERROR(IF(ABS(INDEX(Геокодування!$C$2:$C$361,MATCH($Q11,Геокодування!$B$2:$B$361,0))-50.5884)+ABS(INDEX(Геокодування!$D$2:$D$361,MATCH($Q11,Геокодування!$B$2:$B$361,0))-32.3876)>0.15,"",INDEX(Геокодування!$C$2:$C$361,MATCH($Q11,Геокодування!$B$2:$B$361,0))),IFERROR(IF(ABS(INDEX(Геокодування!$C$2:$C$361,MATCH("Прилуки, Чернігівська обл., "&$A11,Геокодування!$B$2:$B$361,0))-50.5884)+ABS(INDEX(Геокодування!$D$2:$D$361,MATCH("Прилуки, Чернігівська обл., "&$A11,Геокодування!$B$2:$B$361,0))-32.3876)>0.15,"",INDEX(Геокодування!$C$2:$C$361,MATCH("Прилуки, Чернігівська обл., "&$A11,Геокодування!$B$2:$B$361,0))),"")))) -> 50.61144 | S11: =IF($O11="","",IFERROR(INDEX('Координати майданчиків'!$I$4:$I$64,MATCH($T11,'Координати майданчиків'!$B$4:$B$64,0)),IFERROR(IF(ABS(INDEX(Геокодування!$C$2:$C$361,MATCH($Q11,Геокодування!$B$2:$B$361,0))-50.5884)+ABS(INDEX(Геокодування!$D$2:$D$361,MATCH($Q11,Геокодування!$B$2:$B$361,0))-32.3876)>0.15,"",INDEX(Геокодування!$D$2:$D$361,MATCH($Q11,Геокодування!$B$2:$B$361,0))),IFERROR(IF(ABS(INDEX(Геокодування!$C$2:$C$361,MATCH("Прилуки, Чернігівська обл., "&$A11,Геокодування!$B$2:$B$361,0))-50.5884)+ABS(INDEX(Геокодування!$D$2:$D$361,MATCH("Прилуки, Чернігівська обл., "&$A11,Геокодування!$B$2:$B$361,0))-32.3876)>0.15,"",INDEX(Геокодування!$D$2:$D$361,MATCH("Прилуки, Чернігівська обл., "&$A11,Геокодування!$B$2:$B$361,0))),"")))) -> 32.394473 | T11: =IF($O11="","",IFERROR(INDEX('Координати майданчиків'!$B$4:$B$64,MATCH($A11&IF($P11="","",", "&$P11),'Координати майданчиків'!$B$4:$B$64,0)),IFERROR(INDEX('Координати майданчиків'!$B$4:$B$64,MATCH($A11,'Координати майданчиків'!$B$4:$B$64,0)),"")))
A12: =IF($O12="","",LEFT($O12,FIND("|",$O12)-1)) -> 1 пров. Зелений | B12: =IF($O12="","",MID($O12,FIND("|",$O12)+1,999)) | C12: {=IF($O12="","",_xlfn.TEXTJOIN(", ",TRUE,IF(EXACT('Дані_зв''язок'!$J$4:$J$1012,$O12)*('Дані_зв''язок'!$C$4:$C$1012=C$4),'Дані_зв''язок'!$D$4:$D$1012,"")))} -> 11:45 | D12: {=IF($O12="","",_xlfn.TEXTJOIN(", ",TRUE,IF(EXACT('Дані_зв''язок'!$J$4:$J$1012,$O12)*('Дані_зв''язок'!$C$4:$C$1012=D$4),'Дані_зв''язок'!$D$4:$D$1012,"")))} | E12: {=IF($O12="","",_xlfn.TEXTJOIN(", ",TRUE,IF(EXACT('Дані_зв''язок'!$J$4:$J$1012,$O12)*('Дані_зв''язок'!$C$4:$C$1012=E$4),'Дані_зв''язок'!$D$4:$D$1012,"")))} | F12: {=IF($O12="","",_xlfn.TEXTJOIN(", ",TRUE,IF(EXACT('Дані_зв''язок'!$J$4:$J$1012,$O12)*('Дані_зв''язок'!$C$4:$C$1012=F$4),'Дані_зв''язок'!$D$4:$D$1012,"")))} | G12: {=IF($O12="","",_xlfn.TEXTJOIN(", ",TRUE,IF(EXACT('Дані_зв''язок'!$J$4:$J$1012,$O12)*('Дані_зв''язок'!$C$4:$C$1012=G$4),'Дані_зв''язок'!$D$4:$D$1012,"")))} | H12: {=IF($O12="","",_xlfn.TEXTJOIN(", ",TRUE,IF(EXACT('Дані_зв''язок'!$J$4:$J$1012,$O12)*('Дані_зв''язок'!$C$4:$C$1012=H$4),'Дані_зв''язок'!$D$4:$D$1012,"")))} | I12: {=IF($O12="","",_xlfn.TEXTJOIN(", ",TRUE,IF(EXACT('Дані_зв''язок'!$J$4:$J$1012,$O12)*('Дані_зв''язок'!$C$4:$C$1012=I$4),'Дані_зв''язок'!$D$4:$D$1012,"")))} | J12: {=IF($O12="","",COUNTIF(C12:I12,"?*")+SUMPRODUCT(LEN(C12:I12)-LEN(SUBSTITUTE(C12:I12,",",""))))} -> 1 | K12: {=IF($O12="","",_xlfn.TEXTJOIN(", ",TRUE,IF(EXACT('Дані_зв''язок'!$J$4:$J$1012,$O12),'Дані_зв''язок'!$L$4:$L$1012,"")))} -> №5 | L12: {=IF($O12="","",_xlfn.TEXTJOIN(", ",TRUE,IF(EXACT('Дані_зв''язок'!$J$4:$J$1012,$O12),'Дані_зв''язок'!$M$4:$M$1012,"")))} -> МАЗ 4381 | M12: {=IF($O12="","",IF(SUMPRODUCT(MAX(EXACT('Дані_зв''язок'!$J$4:$J$1012,$O12)*IFERROR('Дані_зв''язок'!$H$4:$H$1012,0)))=0,"",SUMPRODUCT(MAX(EXACT('Дані_зв''язок'!$J$4:$J$1012,$O12)*IFERROR('Дані_зв''язок'!$H$4:$H$1012,0)))))} | O12: 1 пров. Зелений| | P12: {=IF($O12="","",IF($B12="","",IFERROR(IF(MIN(IFERROR(VALUE(TRIM(MID(SUBSTITUTE(SUBSTITUTE($B12,","," ")," ",REPT(" ",30)),{1;31;61;91;121;151;181},30))),""))=0,"",MIN(IFERROR(VALUE(TRIM(MID(SUBSTITUTE(SUBSTITUTE($B12,","," ")," ",REPT(" ",30)),{1;31;61;91;121;151;181},30))),""))),"")))} | Q12: =IF($O12="","","Прилуки, Чернігівська обл., "&$A12&IF($P12="","",", "&$P12)) -> Прилуки, Чернігівська обл., 1 пров. Зелений | R12: =IF($O12="","",IFERROR(INDEX('Координати майданчиків'!$H$4:$H$64,MATCH($T12,'Координати майданчиків'!$B$4:$B$64,0)),IFERROR(IF(ABS(INDEX(Геокодування!$C$2:$C$361,MATCH($Q12,Геокодування!$B$2:$B$361,0))-50.5884)+ABS(INDEX(Геокодування!$D$2:$D$361,MATCH($Q12,Геокодування!$B$2:$B$361,0))-32.3876)>0.15,"",INDEX(Геокодування!$C$2:$C$361,MATCH($Q12,Геокодування!$B$2:$B$361,0))),IFERROR(IF(ABS(INDEX(Геокодування!$C$2:$C$361,MATCH("Прилуки, Чернігівська обл., "&$A12,Геокодування!$B$2:$B$361,0))-50.5884)+ABS(INDEX(Геокодування!$D$2:$D$361,MATCH("Прилуки, Чернігівська обл., "&$A12,Геокодування!$B$2:$B$361,0))-32.3876)>0.15,"",INDEX(Геокодування!$C$2:$C$361,MATCH("Прилуки, Чернігівська обл., "&$A12,Геокодування!$B$2:$B$361,0))),"")))) -> 50.609362 | S12: =IF($O12="","",IFERROR(INDEX('Координати майданчиків'!$I$4:$I$64,MATCH($T12,'Координати майданчиків'!$B$4:$B$64,0)),IFERROR(IF(ABS(INDEX(Геокодування!$C$2:$C$361,MATCH($Q12,Геокодування!$B$2:$B$361,0))-50.5884)+ABS(INDEX(Геокодування!$D$2:$D$361,MATCH($Q12,Геокодування!$B$2:$B$361,0))-32.3876)>0.15,"",INDEX(Геокодування!$D$2:$D$361,MATCH($Q12,Геокодування!$B$2:$B$361,0))),IFERROR(IF(ABS(INDEX(Геокодування!$C$2:$C$361,MATCH("Прилуки, Чернігівська обл., "&$A12,Геокодування!$B$2:$B$361,0))-50.5884)+ABS(INDEX(Геокодування!$D$2:$D$361,MATCH("Прилуки, Чернігівська обл., "&$A12,Геокодування!$B$2:$B$361,0))-32.3876)>0.15,"",INDEX(Геокодування!$D$2:$D$361,MATCH("Прилуки, Чернігівська обл., "&$A12,Геокодування!$B$2:$B$361,0))),"")))) -> 32.395559 | T12: =IF($O12="","",IFERROR(INDEX('Координати майданчиків'!$B$4:$B$64,MATCH($A12&IF($P12="","",", "&$P12),'Координати майданчиків'!$B$4:$B$64,0)),IFERROR(INDEX('Координати майданчиків'!$B$4:$B$64,MATCH($A12,'Координати майданчиків'!$B$4:$B$64,0)),"")))
A13: =IF($O13="","",LEFT($O13,FIND("|",$O13)-1)) -> 1 пров. Змагання | B13: =IF($O13="","",MID($O13,FIND("|",$O13)+1,999)) | C13: {=IF($O13="","",_xlfn.TEXTJOIN(", ",TRUE,IF(EXACT('Дані_зв''язок'!$J$4:$J$1012,$O13)*('Дані_зв''язок'!$C$4:$C$1012=C$4),'Дані_зв''язок'!$D$4:$D$1012,"")))} | D13: {=IF($O13="","",_xlfn.TEXTJOIN(", ",TRUE,IF(EXACT('Дані_зв''язок'!$J$4:$J$1012,$O13)*('Дані_зв''язок'!$C$4:$C$1012=D$4),'Дані_зв''язок'!$D$4:$D$1012,"")))} | E13: {=IF($O13="","",_xlfn.TEXTJOIN(", ",TRUE,IF(EXACT('Дані_зв''язок'!$J$4:$J$1012,$O13)*('Дані_зв''язок'!$C$4:$C$1012=E$4),'Дані_зв''язок'!$D$4:$D$1012,"")))} | F13: {=IF($O13="","",_xlfn.TEXTJOIN(", ",TRUE,IF(EXACT('Дані_зв''язок'!$J$4:$J$1012,$O13)*('Дані_зв''язок'!$C$4:$C$1012=F$4),'Дані_зв''язок'!$D$4:$D$1012,"")))} | G13: {=IF($O13="","",_xlfn.TEXTJOIN(", ",TRUE,IF(EXACT('Дані_зв''язок'!$J$4:$J$1012,$O13)*('Дані_зв''язок'!$C$4:$C$1012=G$4),'Дані_зв''язок'!$D$4:$D$1012,"")))} -> 7:25 | H13: {=IF($O13="","",_xlfn.TEXTJOIN(", ",TRUE,IF(EXACT('Дані_зв''язок'!$J$4:$J$1012,$O13)*('Дані_зв''язок'!$C$4:$C$1012=H$4),'Дані_зв''язок'!$D$4:$D$1012,"")))} | I13: {=IF($O13="","",_xlfn.TEXTJOIN(", ",TRUE,IF(EXACT('Дані_зв''язок'!$J$4:$J$1012,$O13)*('Дані_зв''язок'!$C$4:$C$1012=I$4),'Дані_зв''язок'!$D$4:$D$1012,"")))} | J13: {=IF($O13="","",COUNTIF(C13:I13,"?*")+SUMPRODUCT(LEN(C13:I13)-LEN(SUBSTITUTE(C13:I13,",",""))))} -> 1 | K13: {=IF($O13="","",_xlfn.TEXTJOIN(", ",TRUE,IF(EXACT('Дані_зв''язок'!$J$4:$J$1012,$O13),'Дані_зв''язок'!$L$4:$L$1012,"")))} -> №5 | L13: {=IF($O13="","",_xlfn.TEXTJOIN(", ",TRUE,IF(EXACT('Дані_зв''язок'!$J$4:$J$1012,$O13),'Дані_зв''язок'!$M$4:$M$1012,"")))} -> МАЗ 4381 | M13: {=IF($O13="","",IF(SUMPRODUCT(MAX(EXACT('Дані_зв''язок'!$J$4:$J$1012,$O13)*IFERROR('Дані_зв''язок'!$H$4:$H$1012,0)))=0,"",SUMPRODUCT(MAX(EXACT('Дані_зв''язок'!$J$4:$J$1012,$O13)*IFERROR('Дані_зв''язок'!$H$4:$H$1012,0)))))} | O13: 1 пров. Змагання| | P13: {=IF($O13="","",IF($B13="","",IFERROR(IF(MIN(IFERROR(VALUE(TRIM(MID(SUBSTITUTE(SUBSTITUTE($B13,","," ")," ",REPT(" ",30)),{1;31;61;91;121;151;181},30))),""))=0,"",MIN(IFERROR(VALUE(TRIM(MID(SUBSTITUTE(SUBSTITUTE($B13,","," ")," ",REPT(" ",30)),{1;31;61;91;121;151;181},30))),""))),"")))} | Q13: =IF($O13="","","Прилуки, Чернігівська обл., "&$A13&IF($P13="","",", "&$P13)) -> Прилуки, Чернігівська обл., 1 пров. Змагання | R13: =IF($O13="","",IFERROR(INDEX('Координати майданчиків'!$H$4:$H$64,MATCH($T13,'Координати майданчиків'!$B$4:$B$64,0)),IFERROR(IF(ABS(INDEX(Геокодування!$C$2:$C$361,MATCH($Q13,Геокодування!$B$2:$B$361,0))-50.5884)+ABS(INDEX(Геокодування!$D$2:$D$361,MATCH($Q13,Геокодування!$B$2:$B$361,0))-32.3876)>0.15,"",INDEX(Геокодування!$C$2:$C$361,MATCH($Q13,Геокодування!$B$2:$B$361,0))),IFERROR(IF(ABS(INDEX(Геокодування!$C$2:$C$361,MATCH("Прилуки, Чернігівська обл., "&$A13,Геокодування!$B$2:$B$361,0))-50.5884)+ABS(INDEX(Геокодування!$D$2:$D$361,MATCH("Прилуки, Чернігівська обл., "&$A13,Геокодування!$B$2:$B$361,0))-32.3876)>0.15,"",INDEX(Геокодування!$C$2:$C$361,MATCH("Прилуки, Чернігівська обл., "&$A13,Геокодування!$B$2:$B$361,0))),"")))) -> 50.589775 | S13: =IF($O13="","",IFERROR(INDEX('Координати майданчиків'!$I$4:$I$64,MATCH($T13,'Координати майданчиків'!$B$4:$B$64,0)),IFERROR(IF(ABS(INDEX(Геокодування!$C$2:$C$361,MATCH($Q13,Геокодування!$B$2:$B$361,0))-50.5884)+ABS(INDEX(Геокодування!$D$2:$D$361,MATCH($Q13,Геокодування!$B$2:$B$361,0))-32.3876)>0.15,"",INDEX(Геокодування!$D$2:$D$361,MATCH($Q13,Геокодування!$B$2:$B$361,0))),IFERROR(IF(ABS(INDEX(Геокодування!$C$2:$C$361,MATCH("Прилуки, Чернігівська обл., "&$A13,Геокодування!$B$2:$B$361,0))-50.5884)+ABS(INDEX(Геокодування!$D$2:$D$361,MATCH("Прилуки, Чернігівська обл., "&$A13,Геокодування!$B$2:$B$361,0))-32.3876)>0.15,"",INDEX(Геокодування!$D$2:$D$361,MATCH("Прилуки, Чернігівська обл., "&$A13,Геокодування!$B$2:$B$361,0))),"")))) -> 32.366114 | T13: =IF($O13="","",IFERROR(INDEX('Координати майданчиків'!$B$4:$B$64,MATCH($A13&IF($P13="","",", "&$P13),'Координати майданчиків'!$B$4:$B$64,0)),IFERROR(INDEX('Координати майданчиків'!$B$4:$B$64,MATCH($A13,'Координати майданчиків'!$B$4:$B$64,0)),"")))
A14: =IF($O14="","",LEFT($O14,FIND("|",$O14)-1)) -> 1 пров. Колгоспний | B14: =IF($O14="","",MID($O14,FIND("|",$O14)+1,999)) | C14: {=IF($O14="","",_xlfn.TEXTJOIN(", ",TRUE,IF(EXACT('Дані_зв''язок'!$J$4:$J$1012,$O14)*('Дані_зв''язок'!$C$4:$C$1012=C$4),'Дані_зв''язок'!$D$4:$D$1012,"")))} | D14: {=IF($O14="","",_xlfn.TEXTJOIN(", ",TRUE,IF(EXACT('Дані_зв''язок'!$J$4:$J$1012,$O14)*('Дані_зв''язок'!$C$4:$C$1012=D$4),'Дані_зв''язок'!$D$4:$D$1012,"")))} | E14: {=IF($O14="","",_xlfn.TEXTJOIN(", ",TRUE,IF(EXACT('Дані_зв''язок'!$J$4:$J$1012,$O14)*('Дані_зв''язок'!$C$4:$C$1012=E$4),'Дані_зв''язок'!$D$4:$D$1012,"")))} | F14: {=IF($O14="","",_xlfn.TEXTJOIN(", ",TRUE,IF(EXACT('Дані_зв''язок'!$J$4:$J$1012,$O14)*('Дані_зв''язок'!$C$4:$C$1012=F$4),'Дані_зв''язок'!$D$4:$D$1012,"")))} | G14: {=IF($O14="","",_xlfn.TEXTJOIN(", ",TRUE,IF(EXACT('Дані_зв''язок'!$J$4:$J$1012,$O14)*('Дані_зв''язок'!$C$4:$C$1012=G$4),'Дані_зв''язок'!$D$4:$D$1012,"")))} -> 11:05 | H14: {=IF($O14="","",_xlfn.TEXTJOIN(", ",TRUE,IF(EXACT('Дані_зв''язок'!$J$4:$J$1012,$O14)*('Дані_зв''язок'!$C$4:$C$1012=H$4),'Дані_зв''язок'!$D$4:$D$1012,"")))} | I14: {=IF($O14="","",_xlfn.TEXTJOIN(", ",TRUE,IF(EXACT('Дані_зв''язок'!$J$4:$J$1012,$O14)*('Дані_зв''язок'!$C$4:$C$1012=I$4),'Дані_зв''язок'!$D$4:$D$1012,"")))} | J14: {=IF($O14="","",COUNTIF(C14:I14,"?*")+SUMPRODUCT(LEN(C14:I14)-LEN(SUBSTITUTE(C14:I14,",",""))))} -> 1 | K14: {=IF($O14="","",_xlfn.TEXTJOIN(", ",TRUE,IF(EXACT('Дані_зв''язок'!$J$4:$J$1012,$O14),'Дані_зв''язок'!$L$4:$L$1012,"")))} -> №5 | L14: {=IF($O14="","",_xlfn.TEXTJOIN(", ",TRUE,IF(EXACT('Дані_зв''язок'!$J$4:$J$1012,$O14),'Дані_зв''язок'!$M$4:$M$1012,"")))} -> МАЗ 4381 | M14: {=IF($O14="","",IF(SUMPRODUCT(MAX(EXACT('Дані_зв''язок'!$J$4:$J$1012,$O14)*IFERROR('Дані_зв''язок'!$H$4:$H$1012,0)))=0,"",SUMPRODUCT(MAX(EXACT('Дані_зв''язок'!$J$4:$J$1012,$O14)*IFERROR('Дані_зв''язок'!$H$4:$H$1012,0)))))} | O14: 1 пров. Колгоспний| | P14: {=IF($O14="","",IF($B14="","",IFERROR(IF(MIN(IFERROR(VALUE(TRIM(MID(SUBSTITUTE(SUBSTITUTE($B14,","," ")," ",REPT(" ",30)),{1;31;61;91;121;151;181},30))),""))=0,"",MIN(IFERROR(VALUE(TRIM(MID(SUBSTITUTE(SUBSTITUTE($B14,","," ")," ",REPT(" ",30)),{1;31;61;91;121;151;181},30))),""))),"")))} | Q14: =IF($O14="","","Прилуки, Чернігівська обл., "&$A14&IF($P14="","",", "&$P14)) -> Прилуки, Чернігівська обл., 1 пров. Колгоспний | R14: 50.894557 | S14: 31.703098
A15: =IF($O15="","",LEFT($O15,FIND("|",$O15)-1)) -> 1 пров. Межовий | B15: =IF($O15="","",MID($O15,FIND("|",$O15)+1,999)) -> 1,2 5,8 | C15: {=IF($O15="","",_xlfn.TEXTJOIN(", ",TRUE,IF(EXACT('Дані_зв''язок'!$J$4:$J$1012,$O15)*('Дані_зв''язок'!$C$4:$C$1012=C$4),'Дані_зв''язок'!$D$4:$D$1012,"")))} -> 12:35 | D15: {=IF($O15="","",_xlfn.TEXTJOIN(", ",TRUE,IF(EXACT('Дані_зв''язок'!$J$4:$J$1012,$O15)*('Дані_зв''язок'!$C$4:$C$1012=D$4),'Дані_зв''язок'!$D$4:$D$1012,"")))} | E15: {=IF($O15="","",_xlfn.TEXTJOIN(", ",TRUE,IF(EXACT('Дані_зв''язок'!$J$4:$J$1012,$O15)*('Дані_зв''язок'!$C$4:$C$1012=E$4),'Дані_зв''язок'!$D$4:$D$1012,"")))} | F15: {=IF($O15="","",_xlfn.TEXTJOIN(", ",TRUE,IF(EXACT('Дані_зв''язок'!$J$4:$J$1012,$O15)*('Дані_зв''язок'!$C$4:$C$1012=F$4),'Дані_зв''язок'!$D$4:$D$1012,"")))} | G15: {=IF($O15="","",_xlfn.TEXTJOIN(", ",TRUE,IF(EXACT('Дані_зв''язок'!$J$4:$J$1012,$O15)*('Дані_зв''язок'!$C$4:$C$1012=G$4),'Дані_зв''язок'!$D$4:$D$1012,"")))} | H15: {=IF($O15="","",_xlfn.TEXTJOIN(", ",TRUE,IF(EXACT('Дані_зв''язок'!$J$4:$J$1012,$O15)*('Дані_зв''язок'!$C$4:$C$1012=H$4),'Дані_зв''язок'!$D$4:$D$1012,"")))} | I15: {=IF($O15="","",_xlfn.TEXTJOIN(", ",TRUE,IF(EXACT('Дані_зв''язок'!$J$4:$J$1012,$O15)*('Дані_зв''язок'!$C$4:$C$1012=I$4),'Дані_зв''язок'!$D$4:$D$1012,"")))} | J15: {=IF($O15="","",COUNTIF(C15:I15,"?*")+SUMPRODUCT(LEN(C15:I15)-LEN(SUBSTITUTE(C15:I15,",",""))))} -> 1 | K15: {=IF($O15="","",_xlfn.TEXTJOIN(", ",TRUE,IF(EXACT('Дані_зв''язок'!$J$4:$J$1012,$O15),'Дані_зв''язок'!$L$4:$L$1012,"")))} -> №6 | L15: {=IF($O15="","",_xlfn.TEXTJOIN(", ",TRUE,IF(EXACT('Дані_зв''язок'!$J$4:$J$1012,$O15),'Дані_зв''язок'!$M$4:$M$1012,"")))} -> АТ 4021 | M15: {=IF($O15="","",IF(SUMPRODUCT(MAX(EXACT('Дані_зв''язок'!$J$4:$J$1012,$O15)*IFERROR('Дані_зв''язок'!$H$4:$H$1012,0)))=0,"",SUMPRODUCT(MAX(EXACT('Дані_зв''язок'!$J$4:$J$1012,$O15)*IFERROR('Дані_зв''язок'!$H$4:$H$1012,0)))))} | O15: 1 пров. Межовий|1,2 5,8 | P15: {=IF($O15="","",IF($B15="","",IFERROR(IF(MIN(IFERROR(VALUE(TRIM(MID(SUBSTITUTE(SUBSTITUTE($B15,","," ")," ",REPT(" ",30)),{1;31;61;91;121;151;181},30))),""))=0,"",MIN(IFERROR(VALUE(TRIM(MID(SUBSTITUTE(SUBSTITUTE($B15,","," ")," ",REPT(" ",30)),{1;31;61;91;121;151;181},30))),""))),"")))} -> 1 | Q15: =IF($O15="","","Прилуки, Чернігівська обл., "&$A15&IF($P15="","",", "&$P15)) -> Прилуки, Чернігівська обл., 1 пров. Межовий, 1 | R15: =IF($O15="","",IFERROR(INDEX('Координати майданчиків'!$H$4:$H$64,MATCH($T15,'Координати майданчиків'!$B$4:$B$64,0)),IFERROR(IF(ABS(INDEX(Геокодування!$C$2:$C$361,MATCH($Q15,Геокодування!$B$2:$B$361,0))-50.5884)+ABS(INDEX(Геокодування!$D$2:$D$361,MATCH($Q15,Геокодування!$B$2:$B$361,0))-32.3876)>0.15,"",INDEX(Геокодування!$C$2:$C$361,MATCH($Q15,Геокодування!$B$2:$B$361,0))),IFERROR(IF(ABS(INDEX(Геокодування!$C$2:$C$361,MATCH("Прилуки, Чернігівська обл., "&$A15,Геокодування!$B$2:$B$361,0))-50.5884)+ABS(INDEX(Геокодування!$D$2:$D$361,MATCH("Прилуки, Чернігівська обл., "&$A15,Геокодування!$B$2:$B$361,0))-32.3876)>0.15,"",INDEX(Геокодування!$C$2:$C$361,MATCH("Прилуки, Чернігівська обл., "&$A15,Геокодування!$B$2:$B$361,0))),"")))) -> 50.606965 | S15: =IF($O15="","",IFERROR(INDEX('Координати майданчиків'!$I$4:$I$64,MATCH($T15,'Координати майданчиків'!$B$4:$B$64,0)),IFERROR(IF(ABS(INDEX(Геокодування!$C$2:$C$361,MATCH($Q15,Геокодування!$B$2:$B$361,0))-50.5884)+ABS(INDEX(Геокодування!$D$2:$D$361,MATCH($Q15,Геокодування!$B$2:$B$361,0))-32.3876)>0.15,"",INDEX(Геокодування!$D$2:$D$361,MATCH($Q15,Геокодування!$B$2:$B$361,0))),IFERROR(IF(ABS(INDEX(Геокодування!$C$2:$C$361,MATCH("Прилуки, Чернігівська обл., "&$A15,Геокодування!$B$2:$B$361,0))-50.5884)+ABS(INDEX(Геокодування!$D$2:$D$361,MATCH("Прилуки, Чернігівська обл., "&$A15,Геокодування!$B$2:$B$361,0))-32.3876)>0.15,"",INDEX(Геокодування!$D$2:$D$361,MATCH("Прилуки, Чернігівська обл., "&$A15,Геокодування!$B$2:$B$361,0))),"")))) -> 32.381031 | T15: =IF($O15="","",IFERROR(INDEX('Координати майданчиків'!$B$4:$B$64,MATCH($A15&IF($P15="","",", "&$P15),'Координати майданчиків'!$B$4:$B$64,0)),IFERROR(INDEX('Координати майданчиків'!$B$4:$B$64,MATCH($A15,'Координати майданчиків'!$B$4:$B$64,0)),"")))
A16: =IF($O16="","",LEFT($O16,FIND("|",$O16)-1)) -> 1 пров. Оранжерейний | B16: =IF($O16="","",MID($O16,FIND("|",$O16)+1,999)) | C16: {=IF($O16="","",_xlfn.TEXTJOIN(", ",TRUE,IF(EXACT('Дані_зв''язок'!$J$4:$J$1012,$O16)*('Дані_зв''язок'!$C$4:$C$1012=C$4),'Дані_зв''язок'!$D$4:$D$1012,"")))} | D16: {=IF($O16="","",_xlfn.TEXTJOIN(", ",TRUE,IF(EXACT('Дані_зв''язок'!$J$4:$J$1012,$O16)*('Дані_зв''язок'!$C$4:$C$1012=D$4),'Дані_зв''язок'!$D$4:$D$1012,"")))} | E16: {=IF($O16="","",_xlfn.TEXTJOIN(", ",TRUE,IF(EXACT('Дані_зв''язок'!$J$4:$J$1012,$O16)*('Дані_зв''язок'!$C$4:$C$1012=E$4),'Дані_зв''язок'!$D$4:$D$1012,"")))} | F16: {=IF($O16="","",_xlfn.TEXTJOIN(", ",TRUE,IF(EXACT('Дані_зв''язок'!$J$4:$J$1012,$O16)*('Дані_зв''язок'!$C$4:$C$1012=F$4),'Дані_зв''язок'!$D$4:$D$1012,"")))} | G16: {=IF($O16="","",_xlfn.TEXTJOIN(", ",TRUE,IF(EXACT('Дані_зв''язок'!$J$4:$J$1012,$O16)*('Дані_зв''язок'!$C$4:$C$1012=G$4),'Дані_зв''язок'!$D$4:$D$1012,"")))} -> 10:25 | H16: {=IF($O16="","",_xlfn.TEXTJOIN(", ",TRUE,IF(EXACT('Дані_зв''язок'!$J$4:$J$1012,$O16)*('Дані_зв''язок'!$C$4:$C$1012=H$4),'Дані_зв''язок'!$D$4:$D$1012,"")))} | I16: {=IF($O16="","",_xlfn.TEXTJOIN(", ",TRUE,IF(EXACT('Дані_зв''язок'!$J$4:$J$1012,$O16)*('Дані_зв''язок'!$C$4:$C$1012=I$4),'Дані_зв''язок'!$D$4:$D$1012,"")))} | J16: {=IF($O16="","",COUNTIF(C16:I16,"?*")+SUMPRODUCT(LEN(C16:I16)-LEN(SUBSTITUTE(C16:I16,",",""))))} -> 1 | K16: {=IF($O16="","",_xlfn.TEXTJOIN(", ",TRUE,IF(EXACT('Дані_зв''язок'!$J$4:$J$1012,$O16),'Дані_зв''язок'!$L$4:$L$1012,"")))} -> №5 | L16: {=IF($O16="","",_xlfn.TEXTJOIN(", ",TRUE,IF(EXACT('Дані_зв''язок'!$J$4:$J$1012,$O16),'Дані_зв''язок'!$M$4:$M$1012,"")))} -> МАЗ 4381 | M16: {=IF($O16="","",IF(SUMPRODUCT(MAX(EXACT('Дані_зв''язок'!$J$4:$J$1012,$O16)*IFERROR('Дані_зв''язок'!$H$4:$H$1012,0)))=0,"",SUMPRODUCT(MAX(EXACT('Дані_зв''язок'!$J$4:$J$1012,$O16)*IFERROR('Дані_зв''язок'!$H$4:$H$1012,0)))))} | O16: 1 пров. Оранжерейний| | P16: {=IF($O16="","",IF($B16="","",IFERROR(IF(MIN(IFERROR(VALUE(TRIM(MID(SUBSTITUTE(SUBSTITUTE($B16,","," ")," ",REPT(" ",30)),{1;31;61;91;121;151;181},30))),""))=0,"",MIN(IFERROR(VALUE(TRIM(MID(SUBSTITUTE(SUBSTITUTE($B16,","," ")," ",REPT(" ",30)),{1;31;61;91;121;151;181},30))),""))),"")))} | Q16: =IF($O16="","","Прилуки, Чернігівська обл., "&$A16&IF($P16="","",", "&$P16)) -> Прилуки, Чернігівська обл., 1 пров. Оранжерейний | R16: =IF($O16="","",IFERROR(INDEX('Координати майданчиків'!$H$4:$H$64,MATCH($T16,'Координати майданчиків'!$B$4:$B$64,0)),IFERROR(IF(ABS(INDEX(Геокодування!$C$2:$C$361,MATCH($Q16,Геокодування!$B$2:$B$361,0))-50.5884)+ABS(INDEX(Геокодування!$D$2:$D$361,MATCH($Q16,Геокодування!$B$2:$B$361,0))-32.3876)>0.15,"",INDEX(Геокодування!$C$2:$C$361,MATCH($Q16,Геокодування!$B$2:$B$361,0))),IFERROR(IF(ABS(INDEX(Геокодування!$C$2:$C$361,MATCH("Прилуки, Чернігівська обл., "&$A16,Геокодування!$B$2:$B$361,0))-50.5884)+ABS(INDEX(Геокодування!$D$2:$D$361,MATCH("Прилуки, Чернігівська обл., "&$A16,Геокодування!$B$2:$B$361,0))-32.3876)>0.15,"",INDEX(Геокодування!$C$2:$C$361,MATCH("Прилуки, Чернігівська обл., "&$A16,Геокодування!$B$2:$B$361,0))),"")))) -> 50.577808 | S16: =IF($O16="","",IFERROR(INDEX('Координати майданчиків'!$I$4:$I$64,MATCH($T16,'Координати майданчиків'!$B$4:$B$64,0)),IFERROR(IF(ABS(INDEX(Геокодування!$C$2:$C$361,MATCH($Q16,Геокодування!$B$2:$B$361,0))-50.5884)+ABS(INDEX(Геокодування!$D$2:$D$361,MATCH($Q16,Геокодування!$B$2:$B$361,0))-32.3876)>0.15,"",INDEX(Геокодування!$D$2:$D$361,MATCH($Q16,Геокодування!$B$2:$B$361,0))),IFERROR(IF(ABS(INDEX(Геокодування!$C$2:$C$361,MATCH("Прилуки, Чернігівська обл., "&$A16,Геокодування!$B$2:$B$361,0))-50.5884)+ABS(INDEX(Геокодування!$D$2:$D$361,MATCH("Прилуки, Чернігівська обл., "&$A16,Геокодування!$B$2:$B$361,0))-32.3876)>0.15,"",INDEX(Геокодування!$D$2:$D$361,MATCH("Прилуки, Чернігівська обл., "&$A16,Геокодування!$B$2:$B$361,0))),"")))) -> 32.385496 | T16: =IF($O16="","",IFERROR(INDEX('Координати майданчиків'!$B$4:$B$64,MATCH($A16&IF($P16="","",", "&$P16),'Координати майданчиків'!$B$4:$B$64,0)),IFERROR(INDEX('Координати майданчиків'!$B$4:$B$64,MATCH($A16,'Координати майданчиків'!$B$4:$B$64,0)),"")))
A17: =IF($O17="","",LEFT($O17,FIND("|",$O17)-1)) -> 1 пров. П. Комуни | B17: =IF($O17="","",MID($O17,FIND("|",$O17)+1,999)) | C17: {=IF($O17="","",_xlfn.TEXTJOIN(", ",TRUE,IF(EXACT('Дані_зв''язок'!$J$4:$J$1012,$O17)*('Дані_зв''язок'!$C$4:$C$1012=C$4),'Дані_зв''язок'!$D$4:$D$1012,"")))} -> 8:50 | D17: {=IF($O17="","",_xlfn.TEXTJOIN(", ",TRUE,IF(EXACT('Дані_зв''язок'!$J$4:$J$1012,$O17)*('Дані_зв''язок'!$C$4:$C$1012=D$4),'Дані_зв''язок'!$D$4:$D$1012,"")))} | E17: {=IF($O17="","",_xlfn.TEXTJOIN(", ",TRUE,IF(EXACT('Дані_зв''язок'!$J$4:$J$1012,$O17)*('Дані_зв''язок'!$C$4:$C$1012=E$4),'Дані_зв''язок'!$D$4:$D$1012,"")))} | F17: {=IF($O17="","",_xlfn.TEXTJOIN(", ",TRUE,IF(EXACT('Дані_зв''язок'!$J$4:$J$1012,$O17)*('Дані_зв''язок'!$C$4:$C$1012=F$4),'Дані_зв''язок'!$D$4:$D$1012,"")))} | G17: {=IF($O17="","",_xlfn.TEXTJOIN(", ",TRUE,IF(EXACT('Дані_зв''язок'!$J$4:$J$1012,$O17)*('Дані_зв''язок'!$C$4:$C$1012=G$4),'Дані_зв''язок'!$D$4:$D$1012,"")))} | H17: {=IF($O17="","",_xlfn.TEXTJOIN(", ",TRUE,IF(EXACT('Дані_зв''язок'!$J$4:$J$1012,$O17)*('Дані_зв''язок'!$C$4:$C$1012=H$4),'Дані_зв''язок'!$D$4:$D$1012,"")))} | I17: {=IF($O17="","",_xlfn.TEXTJOIN(", ",TRUE,IF(EXACT('Дані_зв''язок'!$J$4:$J$1012,$O17)*('Дані_зв''язок'!$C$4:$C$1012=I$4),'Дані_зв''язок'!$D$4:$D$1012,"")))} | J17: {=IF($O17="","",COUNTIF(C17:I17,"?*")+SUMPRODUCT(LEN(C17:I17)-LEN(SUBSTITUTE(C17:I17,",",""))))} -> 1 | K17: {=IF($O17="","",_xlfn.TEXTJOIN(", ",TRUE,IF(EXACT('Дані_зв''язок'!$J$4:$J$1012,$O17),'Дані_зв''язок'!$L$4:$L$1012,"")))} -> №5 | L17: {=IF($O17="","",_xlfn.TEXTJOIN(", ",TRUE,IF(EXACT('Дані_зв''язок'!$J$4:$J$1012,$O17),'Дані_зв''язок'!$M$4:$M$1012,"")))} -> МАЗ 4381 | M17: {=IF($O17="","",IF(SUMPRODUCT(MAX(EXACT('Дані_зв''язок'!$J$4:$J$1012,$O17)*IFERROR('Дані_зв''язок'!$H$4:$H$1012,0)))=0,"",SUMPRODUCT(MAX(EXACT('Дані_зв''язок'!$J$4:$J$1012,$O17)*IFERROR('Дані_зв''язок'!$H$4:$H$1012,0)))))} | O17: 1 пров. П. Комуни| | P17: {=IF($O17="","",IF($B17="","",IFERROR(IF(MIN(IFERROR(VALUE(TRIM(MID(SUBSTITUTE(SUBSTITUTE($B17,","," ")," ",REPT(" ",30)),{1;31;61;91;121;151;181},30))),""))=0,"",MIN(IFERROR(VALUE(TRIM(MID(SUBSTITUTE(SUBSTITUTE($B17,","," ")," ",REPT(" ",30)),{1;31;61;91;121;151;181},30))),""))),"")))} | Q17: =IF($O17="","","Прилуки, Чернігівська обл., "&$A17&IF($P17="","",", "&$P17)) -> Прилуки, Чернігівська обл., 1 пров. П. Комуни | R17: =IF($O17="","",IFERROR(INDEX('Координати майданчиків'!$H$4:$H$64,MATCH($T17,'Координати майданчиків'!$B$4:$B$64,0)),IFERROR(IF(ABS(INDEX(Геокодування!$C$2:$C$361,MATCH($Q17,Геокодування!$B$2:$B$361,0))-50.5884)+ABS(INDEX(Геокодування!$D$2:$D$361,MATCH($Q17,Геокодування!$B$2:$B$361,0))-32.3876)>0.15,"",INDEX(Геокодування!$C$2:$C$361,MATCH($Q17,Геокодування!$B$2:$B$361,0))),IFERROR(IF(ABS(INDEX(Геокодування!$C$2:$C$361,MATCH("Прилуки, Чернігівська обл., "&$A17,Геокодування!$B$2:$B$361,0))-50.5884)+ABS(INDEX(Геокодування!$D$2:$D$361,MATCH("Прилуки, Чернігівська обл., "&$A17,Геокодування!$B$2:$B$361,0))-32.3876)>0.15,"",INDEX(Геокодування!$C$2:$C$361,MATCH("Прилуки, Чернігівська обл., "&$A17,Геокодування!$B$2:$B$361,0))),"")))) -> 50.581905 | S17: =IF($O17="","",IFERROR(INDEX('Координати майданчиків'!$I$4:$I$64,MATCH($T17,'Координати майданчиків'!$B$4:$B$64,0)),IFERROR(IF(ABS(INDEX(Геокодування!$C$2:$C$361,MATCH($Q17,Геокодування!$B$2:$B$361,0))-50.5884)+ABS(INDEX(Геокодування!$D$2:$D$361,MATCH($Q17,Геокодування!$B$2:$B$361,0))-32.3876)>0.15,"",INDEX(Геокодування!$D$2:$D$361,MATCH($Q17,Геокодування!$B$2:$B$361,0))),IFERROR(IF(ABS(INDEX(Геокодування!$C$2:$C$361,MATCH("Прилуки, Чернігівська обл., "&$A17,Геокодування!$B$2:$B$361,0))-50.5884)+ABS(INDEX(Геокодування!$D$2:$D$361,MATCH("Прилуки, Чернігівська обл., "&$A17,Геокодування!$B$2:$B$361,0))-32.3876)>0.15,"",INDEX(Геокодування!$D$2:$D$361,MATCH("Прилуки, Чернігівська обл., "&$A17,Геокодування!$B$2:$B$361,0))),"")))) -> 32.383753 | T17: =IF($O17="","",IFERROR(INDEX('Координати майданчиків'!$B$4:$B$64,MATCH($A17&IF($P17="","",", "&$P17),'Координати майданчиків'!$B$4:$B$64,0)),IFERROR(INDEX('Координати майданчиків'!$B$4:$B$64,MATCH($A17,'Координати майданчиків'!$B$4:$B$64,0)),"")))
A18: =IF($O18="","",LEFT($O18,FIND("|",$O18)-1)) -> 1 пров. Педагогічний | B18: =IF($O18="","",MID($O18,FIND("|",$O18)+1,999)) -> 9,11 6,3 | C18: {=IF($O18="","",_xlfn.TEXTJOIN(", ",TRUE,IF(EXACT('Дані_зв''язок'!$J$4:$J$1012,$O18)*('Дані_зв''язок'!$C$4:$C$1012=C$4),'Дані_зв''язок'!$D$4:$D$1012,"")))} | D18: {=IF($O18="","",_xlfn.TEXTJOIN(", ",TRUE,IF(EXACT('Дані_зв''язок'!$J$4:$J$1012,$O18)*('Дані_зв''язок'!$C$4:$C$1012=D$4),'Дані_зв''язок'!$D$4:$D$1012,"")))} | E18: {=IF($O18="","",_xlfn.TEXTJOIN(", ",TRUE,IF(EXACT('Дані_зв''язок'!$J$4:$J$1012,$O18)*('Дані_зв''язок'!$C$4:$C$1012=E$4),'Дані_зв''язок'!$D$4:$D$1012,"")))} -> 15:30 | F18: {=IF($O18="","",_xlfn.TEXTJOIN(", ",TRUE,IF(EXACT('Дані_зв''язок'!$J$4:$J$1012,$O18)*('Дані_зв''язок'!$C$4:$C$1012=F$4),'Дані_зв''язок'!$D$4:$D$1012,"")))} | G18: {=IF($O18="","",_xlfn.TEXTJOIN(", ",TRUE,IF(EXACT('Дані_зв''язок'!$J$4:$J$1012,$O18)*('Дані_зв''язок'!$C$4:$C$1012=G$4),'Дані_зв''язок'!$D$4:$D$1012,"")))} | H18: {=IF($O18="","",_xlfn.TEXTJOIN(", ",TRUE,IF(EXACT('Дані_зв''язок'!$J$4:$J$1012,$O18)*('Дані_зв''язок'!$C$4:$C$1012=H$4),'Дані_зв''язок'!$D$4:$D$1012,"")))} | I18: {=IF($O18="","",_xlfn.TEXTJOIN(", ",TRUE,IF(EXACT('Дані_зв''язок'!$J$4:$J$1012,$O18)*('Дані_зв''язок'!$C$4:$C$1012=I$4),'Дані_зв''язок'!$D$4:$D$1012,"")))} | J18: {=IF($O18="","",COUNTIF(C18:I18,"?*")+SUMPRODUCT(LEN(C18:I18)-LEN(SUBSTITUTE(C18:I18,",",""))))} -> 1 | K18: {=IF($O18="","",_xlfn.TEXTJOIN(", ",TRUE,IF(EXACT('Дані_зв''язок'!$J$4:$J$1012,$O18),'Дані_зв''язок'!$L$4:$L$1012,"")))} -> №6 | L18: {=IF($O18="","",_xlfn.TEXTJOIN(", ",TRUE,IF(EXACT('Дані_зв''язок'!$J$4:$J$1012,$O18),'Дані_зв''язок'!$M$4:$M$1012,"")))} -> АТ 4021 | M18: {=IF($O18="","",IF(SUMPRODUCT(MAX(EXACT('Дані_зв''язок'!$J$4:$J$1012,$O18)*IFERROR('Дані_зв''язок'!$H$4:$H$1012,0)))=0,"",SUMPRODUCT(MAX(EXACT('Дані_зв''язок'!$J$4:$J$1012,$O18)*IFERROR('Дані_зв''язок'!$H$4:$H$1012,0)))))} | O18: 1 пров. Педагогічний|9,11 6,3 | P18: {=IF($O18="","",IF($B18="","",IFERROR(IF(MIN(IFERROR(VALUE(TRIM(MID(SUBSTITUTE(SUBSTITUTE($B18,","," ")," ",REPT(" ",30)),{1;31;61;91;121;151;181},30))),""))=0,"",MIN(IFERROR(VALUE(TRIM(MID(SUBSTITUTE(SUBSTITUTE($B18,","," ")," ",REPT(" ",30)),{1;31;61;91;121;151;181},30))),""))),"")))} -> 3 | Q18: =IF($O18="","","Прилуки, Чернігівська обл., "&$A18&IF($P18="","",", "&$P18)) -> Прилуки, Чернігівська обл., 1 пров. Педагогічний, 3 | R18: =IF($O18="","",IFERROR(INDEX('Координати майданчиків'!$H$4:$H$64,MATCH($T18,'Координати майданчиків'!$B$4:$B$64,0)),IFERROR(IF(ABS(INDEX(Геокодування!$C$2:$C$361,MATCH($Q18,Геокодування!$B$2:$B$361,0))-50.5884)+ABS(INDEX(Геокодування!$D$2:$D$361,MATCH($Q18,Геокодування!$B$2:$B$361,0))-32.3876)>0.15,"",INDEX(Геокодування!$C$2:$C$361,MATCH($Q18,Геокодування!$B$2:$B$361,0))),IFERROR(IF(ABS(INDEX(Геокодування!$C$2:$C$361,MATCH("Прилуки, Чернігівська обл., "&$A18,Геокодування!$B$2:$B$361,0))-50.5884)+ABS(INDEX(Геокодування!$D$2:$D$361,MATCH("Прилуки, Чернігівська обл., "&$A18,Геокодування!$B$2:$B$361,0))-32.3876)>0.15,"",INDEX(Геокодування!$C$2:$C$361,MATCH("Прилуки, Чернігівська обл., "&$A18,Геокодування!$B$2:$B$361,0))),"")))) -> 50.577863 | S18: =IF($O18="","",IFERROR(INDEX('Координати майданчиків'!$I$4:$I$64,MATCH($T18,'Координати майданчиків'!$B$4:$B$64,0)),IFERROR(IF(ABS(INDEX(Геокодування!$C$2:$C$361,MATCH($Q18,Геокодування!$B$2:$B$361,0))-50.5884)+ABS(INDEX(Геокодування!$D$2:$D$361,MATCH($Q18,Геокодування!$B$2:$B$361,0))-32.3876)>0.15,"",INDEX(Геокодування!$D$2:$D$361,MATCH($Q18,Геокодування!$B$2:$B$361,0))),IFERROR(IF(ABS(INDEX(Геокодування!$C$2:$C$361,MATCH("Прилуки, Чернігівська обл., "&$A18,Геокодування!$B$2:$B$361,0))-50.5884)+ABS(INDEX(Геокодування!$D$2:$D$361,MATCH("Прилуки, Чернігівська обл., "&$A18,Геокодування!$B$2:$B$361,0))-32.3876)>0.15,"",INDEX(Геокодування!$D$2:$D$361,MATCH("Прилуки, Чернігівська обл., "&$A18,Геокодування!$B$2:$B$361,0))),"")))) -> 32.422881 | T18: =IF($O18="","",IFERROR(INDEX('Координати майданчиків'!$B$4:$B$64,MATCH($A18&IF($P18="","",", "&$P18),'Координати майданчиків'!$B$4:$B$64,0)),IFERROR(INDEX('Координати майданчиків'!$B$4:$B$64,MATCH($A18,'Координати майданчиків'!$B$4:$B$64,0)),"")))
A19: =IF($O19="","",LEFT($O19,FIND("|",$O19)-1)) -> 1 пров. Пирогівський | B19: =IF($O19="","",MID($O19,FIND("|",$O19)+1,999)) -> 30,24 15,2 | C19: {=IF($O19="","",_xlfn.TEXTJOIN(", ",TRUE,IF(EXACT('Дані_зв''язок'!$J$4:$J$1012,$O19)*('Дані_зв''язок'!$C$4:$C$1012=C$4),'Дані_зв''язок'!$D$4:$D$1012,"")))} -> 9:00 | D19: {=IF($O19="","",_xlfn.TEXTJOIN(", ",TRUE,IF(EXACT('Дані_зв''язок'!$J$4:$J$1012,$O19)*('Дані_зв''язок'!$C$4:$C$1012=D$4),'Дані_зв''язок'!$D$4:$D$1012,"")))} | E19: {=IF($O19="","",_xlfn.TEXTJOIN(", ",TRUE,IF(EXACT('Дані_зв''язок'!$J$4:$J$1012,$O19)*('Дані_зв''язок'!$C$4:$C$1012=E$4),'Дані_зв''язок'!$D$4:$D$1012,"")))} | F19: {=IF($O19="","",_xlfn.TEXTJOIN(", ",TRUE,IF(EXACT('Дані_зв''язок'!$J$4:$J$1012,$O19)*('Дані_зв''язок'!$C$4:$C$1012=F$4),'Дані_зв''язок'!$D$4:$D$1012,"")))} | G19: {=IF($O19="","",_xlfn.TEXTJOIN(", ",TRUE,IF(EXACT('Дані_зв''язок'!$J$4:$J$1012,$O19)*('Дані_зв''язок'!$C$4:$C$1012=G$4),'Дані_зв''язок'!$D$4:$D$1012,"")))} | H19: {=IF($O19="","",_xlfn.TEXTJOIN(", ",TRUE,IF(EXACT('Дані_зв''язок'!$J$4:$J$1012,$O19)*('Дані_зв''язок'!$C$4:$C$1012=H$4),'Дані_зв''язок'!$D$4:$D$1012,"")))} | I19: {=IF($O19="","",_xlfn.TEXTJOIN(", ",TRUE,IF(EXACT('Дані_зв''язок'!$J$4:$J$1012,$O19)*('Дані_зв''язок'!$C$4:$C$1012=I$4),'Дані_зв''язок'!$D$4:$D$1012,"")))} | J19: {=IF($O19="","",COUNTIF(C19:I19,"?*")+SUMPRODUCT(LEN(C19:I19)-LEN(SUBSTITUTE(C19:I19,",",""))))} -> 1 | K19: {=IF($O19="","",_xlfn.TEXTJOIN(", ",TRUE,IF(EXACT('Дані_зв''язок'!$J$4:$J$1012,$O19),'Дані_зв''язок'!$L$4:$L$1012,"")))} -> №6 | L19: {=IF($O19="","",_xlfn.TEXTJOIN(", ",TRUE,IF(EXACT('Дані_зв''язок'!$J$4:$J$1012,$O19),'Дані_зв''язок'!$M$4:$M$1012,"")))} -> АТ 4021 | M19: {=IF($O19="","",IF(SUMPRODUCT(MAX(EXACT('Дані_зв''язок'!$J$4:$J$1012,$O19)*IFERROR('Дані_зв''язок'!$H$4:$H$1012,0)))=0,"",SUMPRODUCT(MAX(EXACT('Дані_зв''язок'!$J$4:$J$1012,$O19)*IFERROR('Дані_зв''язок'!$H$4:$H$1012,0)))))} | O19: 1 пров. Пирогівський|30,24 15,2 | P19: {=IF($O19="","",IF($B19="","",IFERROR(IF(MIN(IFERROR(VALUE(TRIM(MID(SUBSTITUTE(SUBSTITUTE($B19,","," ")," ",REPT(" ",30)),{1;31;61;91;121;151;181},30))),""))=0,"",MIN(IFERROR(VALUE(TRIM(MID(SUBSTITUTE(SUBSTITUTE($B19,","," ")," ",REPT(" ",30)),{1;31;61;91;121;151;181},30))),""))),"")))} -> 2 | Q19: =IF($O19="","","Прилуки, Чернігівська обл., "&$A19&IF($P19="","",", "&$P19)) -> Прилуки, Чернігівська обл., 1 пров. Пирогівський, 2 | R19: =IF($O19="","",IFERROR(INDEX('Координати майданчиків'!$H$4:$H$64,MATCH($T19,'Координати майданчиків'!$B$4:$B$64,0)),IFERROR(IF(ABS(INDEX(Геокодування!$C$2:$C$361,MATCH($Q19,Геокодування!$B$2:$B$361,0))-50.5884)+ABS(INDEX(Геокодування!$D$2:$D$361,MATCH($Q19,Геокодування!$B$2:$B$361,0))-32.3876)>0.15,"",INDEX(Геокодування!$C$2:$C$361,MATCH($Q19,Геокодування!$B$2:$B$361,0))),IFERROR(IF(ABS(INDEX(Геокодування!$C$2:$C$361,MATCH("Прилуки, Чернігівська обл., "&$A19,Геокодування!$B$2:$B$361,0))-50.5884)+ABS(INDEX(Геокодування!$D$2:$D$361,MATCH("Прилуки, Чернігівська обл., "&$A19,Геокодування!$B$2:$B$361,0))-32.3876)>0.15,"",INDEX(Геокодування!$C$2:$C$361,MATCH("Прилуки, Чернігівська обл., "&$A19,Геокодування!$B$2:$B$361,0))),"")))) -> 50.6032 | S19: =IF($O19="","",IFERROR(INDEX('Координати майданчиків'!$I$4:$I$64,MATCH($T19,'Координати майданчиків'!$B$4:$B$64,0)),IFERROR(IF(ABS(INDEX(Геокодування!$C$2:$C$361,MATCH($Q19,Геокодування!$B$2:$B$361,0))-50.5884)+ABS(INDEX(Геокодування!$D$2:$D$361,MATCH($Q19,Геокодування!$B$2:$B$361,0))-32.3876)>0.15,"",INDEX(Геокодування!$D$2:$D$361,MATCH($Q19,Геокодування!$B$2:$B$361,0))),IFERROR(IF(ABS(INDEX(Геокодування!$C$2:$C$361,MATCH("Прилуки, Чернігівська обл., "&$A19,Геокодування!$B$2:$B$361,0))-50.5884)+ABS(INDEX(Геокодування!$D$2:$D$361,MATCH("Прилуки, Чернігівська обл., "&$A19,Геокодування!$B$2:$B$361,0))-32.3876)>0.15,"",INDEX(Геокодування!$D$2:$D$361,MATCH("Прилуки, Чернігівська обл., "&$A19,Геокодування!$B$2:$B$361,0))),"")))) -> 32.330293 | T19: =IF($O19="","",IFERROR(INDEX('Координати майданчиків'!$B$4:$B$64,MATCH($A19&IF($P19="","",", "&$P19),'Координати майданчиків'!$B$4:$B$64,0)),IFERROR(INDEX('Координати майданчиків'!$B$4:$B$64,MATCH($A19,'Координати майданчиків'!$B$4:$B$64,0)),"")))
A20: =IF($O20="","",LEFT($O20,FIND("|",$O20)-1)) -> 1 пров. Південний | B20: =IF($O20="","",MID($O20,FIND("|",$O20)+1,999)) | C20: {=IF($O20="","",_xlfn.TEXTJOIN(", ",TRUE,IF(EXACT('Дані_зв''язок'!$J$4:$J$1012,$O20)*('Дані_зв''язок'!$C$4:$C$1012=C$4),'Дані_зв''язок'!$D$4:$D$1012,"")))} -> 10:10 | D20: {=IF($O20="","",_xlfn.TEXTJOIN(", ",TRUE,IF(EXACT('Дані_зв''язок'!$J$4:$J$1012,$O20)*('Дані_зв''язок'!$C$4:$C$1012=D$4),'Дані_зв''язок'!$D$4:$D$1012,"")))} | E20: {=IF($O20="","",_xlfn.TEXTJOIN(", ",TRUE,IF(EXACT('Дані_зв''язок'!$J$4:$J$1012,$O20)*('Дані_зв''язок'!$C$4:$C$1012=E$4),'Дані_зв''язок'!$D$4:$D$1012,"")))} | F20: {=IF($O20="","",_xlfn.TEXTJOIN(", ",TRUE,IF(EXACT('Дані_зв''язок'!$J$4:$J$1012,$O20)*('Дані_зв''язок'!$C$4:$C$1012=F$4),'Дані_зв''язок'!$D$4:$D$1012,"")))} | G20: {=IF($O20="","",_xlfn.TEXTJOIN(", ",TRUE,IF(EXACT('Дані_зв''язок'!$J$4:$J$1012,$O20)*('Дані_зв''язок'!$C$4:$C$1012=G$4),'Дані_зв''язок'!$D$4:$D$1012,"")))} | H20: {=IF($O20="","",_xlfn.TEXTJOIN(", ",TRUE,IF(EXACT('Дані_зв''язок'!$J$4:$J$1012,$O20)*('Дані_зв''язок'!$C$4:$C$1012=H$4),'Дані_зв''язок'!$D$4:$D$1012,"")))} | I20: {=IF($O20="","",_xlfn.TEXTJOIN(", ",TRUE,IF(EXACT('Дані_зв''язок'!$J$4:$J$1012,$O20)*('Дані_зв''язок'!$C$4:$C$1012=I$4),'Дані_зв''язок'!$D$4:$D$1012,"")))} | J20: {=IF($O20="","",COUNTIF(C20:I20,"?*")+SUMPRODUCT(LEN(C20:I20)-LEN(SUBSTITUTE(C20:I20,",",""))))} -> 1 | K20: {=IF($O20="","",_xlfn.TEXTJOIN(", ",TRUE,IF(EXACT('Дані_зв''язок'!$J$4:$J$1012,$O20),'Дані_зв''язок'!$L$4:$L$1012,"")))} -> №5 | L20: {=IF($O20="","",_xlfn.TEXTJOIN(", ",TRUE,IF(EXACT('Дані_зв''язок'!$J$4:$J$1012,$O20),'Дані_зв''язок'!$M$4:$M$1012,"")))} -> МАЗ 4381 | M20: {=IF($O20="","",IF(SUMPRODUCT(MAX(EXACT('Дані_зв''язок'!$J$4:$J$1012,$O20)*IFERROR('Дані_зв''язок'!$H$4:$H$1012,0)))=0,"",SUMPRODUCT(MAX(EXACT('Дані_зв''язок'!$J$4:$J$1012,$O20)*IFERROR('Дані_зв''язок'!$H$4:$H$1012,0)))))} | O20: 1 пров. Південний| | P20: {=IF($O20="","",IF($B20="","",IFERROR(IF(MIN(IFERROR(VALUE(TRIM(MID(SUBSTITUTE(SUBSTITUTE($B20,","," ")," ",REPT(" ",30)),{1;31;61;91;121;151;181},30))),""))=0,"",MIN(IFERROR(VALUE(TRIM(MID(SUBSTITUTE(SUBSTITUTE($B20,","," ")," ",REPT(" ",30)),{1;31;61;91;121;151;181},30))),""))),"")))} | Q20: =IF($O20="","","Прилуки, Чернігівська обл., "&$A20&IF($P20="","",", "&$P20)) -> Прилуки, Чернігівська обл., 1 пров. Південний | R20: =IF($O20="","",IFERROR(INDEX('Координати майданчиків'!$H$4:$H$64,MATCH($T20,'Координати майданчиків'!$B$4:$B$64,0)),IFERROR(IF(ABS(INDEX(Геокодування!$C$2:$C$361,MATCH($Q20,Геокодування!$B$2:$B$361,0))-50.5884)+ABS(INDEX(Геокодування!$D$2:$D$361,MATCH($Q20,Геокодування!$B$2:$B$361,0))-32.3876)>0.15,"",INDEX(Геокодування!$C$2:$C$361,MATCH($Q20,Геокодування!$B$2:$B$361,0))),IFERROR(IF(ABS(INDEX(Геокодування!$C$2:$C$361,MATCH("Прилуки, Чернігівська обл., "&$A20,Геокодування!$B$2:$B$361,0))-50.5884)+ABS(INDEX(Геокодування!$D$2:$D$361,MATCH("Прилуки, Чернігівська обл., "&$A20,Геокодування!$B$2:$B$361,0))-32.3876)>0.15,"",INDEX(Геокодування!$C$2:$C$361,MATCH("Прилуки, Чернігівська обл., "&$A20,Геокодування!$B$2:$B$361,0))),"")))) -> 50.576318 | S20: =IF($O20="","",IFERROR(INDEX('Координати майданчиків'!$I$4:$I$64,MATCH($T20,'Координати майданчиків'!$B$4:$B$64,0)),IFERROR(IF(ABS(INDEX(Геокодування!$C$2:$C$361,MATCH($Q20,Геокодування!$B$2:$B$361,0))-50.5884)+ABS(INDEX(Геокодування!$D$2:$D$361,MATCH($Q20,Геокодування!$B$2:$B$361,0))-32.3876)>0.15,"",INDEX(Геокодування!$D$2:$D$361,MATCH($Q20,Геокодування!$B$2:$B$361,0))),IFERROR(IF(ABS(INDEX(Геокодування!$C$2:$C$361,MATCH("Прилуки, Чернігівська обл., "&$A20,Геокодування!$B$2:$B$361,0))-50.5884)+ABS(INDEX(Геокодування!$D$2:$D$361,MATCH("Прилуки, Чернігівська обл., "&$A20,Геокодування!$B$2:$B$361,0))-32.3876)>0.15,"",INDEX(Геокодування!$D$2:$D$361,MATCH("Прилуки, Чернігівська обл., "&$A20,Геокодування!$B$2:$B$361,0))),"")))) -> 32.381464 | T20: =IF($O20="","",IFERROR(INDEX('Координати майданчиків'!$B$4:$B$64,MATCH($A20&IF($P20="","",", "&$P20),'Координати майданчиків'!$B$4:$B$64,0)),IFERROR(INDEX('Координати майданчиків'!$B$4:$B$64,MATCH($A20,'Координати майданчиків'!$B$4:$B$64,0)),"")))
A21: =IF($O21="","",LEFT($O21,FIND("|",$O21)-1)) -> 1 пров. Скоропадського | B21: =IF($O21="","",MID($O21,FIND("|",$O21)+1,999)) | C21: {=IF($O21="","",_xlfn.TEXTJOIN(", ",TRUE,IF(EXACT('Дані_зв''язок'!$J$4:$J$1012,$O21)*('Дані_зв''язок'!$C$4:$C$1012=C$4),'Дані_зв''язок'!$D$4:$D$1012,"")))} -> 14:40 | D21: {=IF($O21="","",_xlfn.TEXTJOIN(", ",TRUE,IF(EXACT('Дані_зв''язок'!$J$4:$J$1012,$O21)*('Дані_зв''язок'!$C$4:$C$1012=D$4),'Дані_зв''язок'!$D$4:$D$1012,"")))} | E21: {=IF($O21="","",_xlfn.TEXTJOIN(", ",TRUE,IF(EXACT('Дані_зв''язок'!$J$4:$J$1012,$O21)*('Дані_зв''язок'!$C$4:$C$1012=E$4),'Дані_зв''язок'!$D$4:$D$1012,"")))} | F21: {=IF($O21="","",_xlfn.TEXTJOIN(", ",TRUE,IF(EXACT('Дані_зв''язок'!$J$4:$J$1012,$O21)*('Дані_зв''язок'!$C$4:$C$1012=F$4),'Дані_зв''язок'!$D$4:$D$1012,"")))} | G21: {=IF($O21="","",_xlfn.TEXTJOIN(", ",TRUE,IF(EXACT('Дані_зв''язок'!$J$4:$J$1012,$O21)*('Дані_зв''язок'!$C$4:$C$1012=G$4),'Дані_зв''язок'!$D$4:$D$1012,"")))} | H21: {=IF($O21="","",_xlfn.TEXTJOIN(", ",TRUE,IF(EXACT('Дані_зв''язок'!$J$4:$J$1012,$O21)*('Дані_зв''язок'!$C$4:$C$1012=H$4),'Дані_зв''язок'!$D$4:$D$1012,"")))} | I21: {=IF($O21="","",_xlfn.TEXTJOIN(", ",TRUE,IF(EXACT('Дані_зв''язок'!$J$4:$J$1012,$O21)*('Дані_зв''язок'!$C$4:$C$1012=I$4),'Дані_зв''язок'!$D$4:$D$1012,"")))} | J21: {=IF($O21="","",COUNTIF(C21:I21,"?*")+SUMPRODUCT(LEN(C21:I21)-LEN(SUBSTITUTE(C21:I21,",",""))))} -> 1 | K21: {=IF($O21="","",_xlfn.TEXTJOIN(", ",TRUE,IF(EXACT('Дані_зв''язок'!$J$4:$J$1012,$O21),'Дані_зв''язок'!$L$4:$L$1012,"")))} -> №5 | L21: {=IF($O21="","",_xlfn.TEXTJOIN(", ",TRUE,IF(EXACT('Дані_зв''язок'!$J$4:$J$1012,$O21),'Дані_зв''язок'!$M$4:$M$1012,"")))} -> МАЗ 4381 | M21: {=IF($O21="","",IF(SUMPRODUCT(MAX(EXACT('Дані_зв''язок'!$J$4:$J$1012,$O21)*IFERROR('Дані_зв''язок'!$H$4:$H$1012,0)))=0,"",SUMPRODUCT(MAX(EXACT('Дані_зв''язок'!$J$4:$J$1012,$O21)*IFERROR('Дані_зв''язок'!$H$4:$H$1012,0)))))} | O21: 1 пров. Скоропадського| | P21: {=IF($O21="","",IF($B21="","",IFERROR(IF(MIN(IFERROR(VALUE(TRIM(MID(SUBSTITUTE(SUBSTITUTE($B21,","," ")," ",REPT(" ",30)),{1;31;61;91;121;151;181},30))),""))=0,"",MIN(IFERROR(VALUE(TRIM(MID(SUBSTITUTE(SUBSTITUTE($B21,","," ")," ",REPT(" ",30)),{1;31;61;91;121;151;181},30))),""))),"")))} | Q21: =IF($O21="","","Прилуки, Чернігівська обл., "&$A21&IF($P21="","",", "&$P21)) -> Прилуки, Чернігівська обл., 1 пров. Скоропадського | R21: =IF($O21="","",IFERROR(INDEX('Координати майданчиків'!$H$4:$H$64,MATCH($T21,'Координати майданчиків'!$B$4:$B$64,0)),IFERROR(IF(ABS(INDEX(Геокодування!$C$2:$C$361,MATCH($Q21,Геокодування!$B$2:$B$361,0))-50.5884)+ABS(INDEX(Геокодування!$D$2:$D$361,MATCH($Q21,Геокодування!$B$2:$B$361,0))-32.3876)>0.15,"",INDEX(Геокодування!$C$2:$C$361,MATCH($Q21,Геокодування!$B$2:$B$361,0))),IFERROR(IF(ABS(INDEX(Геокодування!$C$2:$C$361,MATCH("Прилуки, Чернігівська обл., "&$A21,Геокодування!$B$2:$B$361,0))-50.5884)+ABS(INDEX(Геокодування!$D$2:$D$361,MATCH("Прилуки, Чернігівська обл., "&$A21,Геокодування!$B$2:$B$361,0))-32.3876)>0.15,"",INDEX(Геокодування!$C$2:$C$361,MATCH("Прилуки, Чернігівська обл., "&$A21,Геокодування!$B$2:$B$361,0))),"")))) -> 50.598255 | S21: =IF($O21="","",IFERROR(INDEX('Координати майданчиків'!$I$4:$I$64,MATCH($T21,'Координати майданчиків'!$B$4:$B$64,0)),IFERROR(IF(ABS(INDEX(Геокодування!$C$2:$C$361,MATCH($Q21,Геокодування!$B$2:$B$361,0))-50.5884)+ABS(INDEX(Геокодування!$D$2:$D$361,MATCH($Q21,Геокодування!$B$2:$B$361,0))-32.3876)>0.15,"",INDEX(Геокодування!$D$2:$D$361,MATCH($Q21,Геокодування!$B$2:$B$361,0))),IFERROR(IF(ABS(INDEX(Геокодування!$C$2:$C$361,MATCH("Прилуки, Чернігівська обл., "&$A21,Геокодування!$B$2:$B$361,0))-50.5884)+ABS(INDEX(Геокодування!$D$2:$D$361,MATCH("Прилуки, Чернігівська обл., "&$A21,Геокодування!$B$2:$B$361,0))-32.3876)>0.15,"",INDEX(Геокодування!$D$2:$D$361,MATCH("Прилуки, Чернігівська обл., "&$A21,Геокодування!$B$2:$B$361,0))),"")))) -> 32.374329 | T21: =IF($O21="","",IFERROR(INDEX('Координати майданчиків'!$B$4:$B$64,MATCH($A21&IF($P21="","",", "&$P21),'Координати майданчиків'!$B$4:$B$64,0)),IFERROR(INDEX('Координати майданчиків'!$B$4:$B$64,MATCH($A21,'Координати майданчиків'!$B$4:$B$64,0)),"")))
A22: =IF($O22="","",LEFT($O22,FIND("|",$O22)-1)) -> 1 пров. Східний | B22: =IF($O22="","",MID($O22,FIND("|",$O22)+1,999)) | C22: {=IF($O22="","",_xlfn.TEXTJOIN(", ",TRUE,IF(EXACT('Дані_зв''язок'!$J$4:$J$1012,$O22)*('Дані_зв''язок'!$C$4:$C$1012=C$4),'Дані_зв''язок'!$D$4:$D$1012,"")))} | D22: {=IF($O22="","",_xlfn.TEXTJOIN(", ",TRUE,IF(EXACT('Дані_зв''язок'!$J$4:$J$1012,$O22)*('Дані_зв''язок'!$C$4:$C$1012=D$4),'Дані_зв''язок'!$D$4:$D$1012,"")))} | E22: {=IF($O22="","",_xlfn.TEXTJOIN(", ",TRUE,IF(EXACT('Дані_зв''язок'!$J$4:$J$1012,$O22)*('Дані_зв''язок'!$C$4:$C$1012=E$4),'Дані_зв''язок'!$D$4:$D$1012,"")))} | F22: {=IF($O22="","",_xlfn.TEXTJOIN(", ",TRUE,IF(EXACT('Дані_зв''язок'!$J$4:$J$1012,$O22)*('Дані_зв''язок'!$C$4:$C$1012=F$4),'Дані_зв''язок'!$D$4:$D$1012,"")))} | G22: {=IF($O22="","",_xlfn.TEXTJOIN(", ",TRUE,IF(EXACT('Дані_зв''язок'!$J$4:$J$1012,$O22)*('Дані_зв''язок'!$C$4:$C$1012=G$4),'Дані_зв''язок'!$D$4:$D$1012,"")))} -> 14:30 | H22: {=IF($O22="","",_xlfn.TEXTJOIN(", ",TRUE,IF(EXACT('Дані_зв''язок'!$J$4:$J$1012,$O22)*('Дані_зв''язок'!$C$4:$C$1012=H$4),'Дані_зв''язок'!$D$4:$D$1012,"")))} | I22: {=IF($O22="","",_xlfn.TEXTJOIN(", ",TRUE,IF(EXACT('Дані_зв''язок'!$J$4:$J$1012,$O22)*('Дані_зв''язок'!$C$4:$C$1012=I$4),'Дані_зв''язок'!$D$4:$D$1012,"")))} | J22: {=IF($O22="","",COUNTIF(C22:I22,"?*")+SUMPRODUCT(LEN(C22:I22)-LEN(SUBSTITUTE(C22:I22,",",""))))} -> 1 | K22: {=IF($O22="","",_xlfn.TEXTJOIN(", ",TRUE,IF(EXACT('Дані_зв''язок'!$J$4:$J$1012,$O22),'Дані_зв''язок'!$L$4:$L$1012,"")))} -> №5 | L22: {=IF($O22="","",_xlfn.TEXTJOIN(", ",TRUE,IF(EXACT('Дані_зв''язок'!$J$4:$J$1012,$O22),'Дані_зв''язок'!$M$4:$M$1012,"")))} -> МАЗ 4381 | M22: {=IF($O22="","",IF(SUMPRODUCT(MAX(EXACT('Дані_зв''язок'!$J$4:$J$1012,$O22)*IFERROR('Дані_зв''язок'!$H$4:$H$1012,0)))=0,"",SUMPRODUCT(MAX(EXACT('Дані_зв''язок'!$J$4:$J$1012,$O22)*IFERROR('Дані_зв''язок'!$H$4:$H$1012,0)))))} | O22: 1 пров. Східний| | P22: {=IF($O22="","",IF($B22="","",IFERROR(IF(MIN(IFERROR(VALUE(TRIM(MID(SUBSTITUTE(SUBSTITUTE($B22,","," ")," ",REPT(" ",30)),{1;31;61;91;121;151;181},30))),""))=0,"",MIN(IFERROR(VALUE(TRIM(MID(SUBSTITUTE(SUBSTITUTE($B22,","," ")," ",REPT(" ",30)),{1;31;61;91;121;151;181},30))),""))),"")))} | Q22: =IF($O22="","","Прилуки, Чернігівська обл., "&$A22&IF($P22="","",", "&$P22)) -> Прилуки, Чернігівська обл., 1 пров. Східний | R22: =IF($O22="","",IFERROR(INDEX('Координати майданчиків'!$H$4:$H$64,MATCH($T22,'Координати майданчиків'!$B$4:$B$64,0)),IFERROR(IF(ABS(INDEX(Геокодування!$C$2:$C$361,MATCH($Q22,Геокодування!$B$2:$B$361,0))-50.5884)+ABS(INDEX(Геокодування!$D$2:$D$361,MATCH($Q22,Геокодування!$B$2:$B$361,0))-32.3876)>0.15,"",INDEX(Геокодування!$C$2:$C$361,MATCH($Q22,Геокодування!$B$2:$B$361,0))),IFERROR(IF(ABS(INDEX(Геокодування!$C$2:$C$361,MATCH("Прилуки, Чернігівська обл., "&$A22,Геокодування!$B$2:$B$361,0))-50.5884)+ABS(INDEX(Геокодування!$D$2:$D$361,MATCH("Прилуки, Чернігівська обл., "&$A22,Геокодування!$B$2:$B$361,0))-32.3876)>0.15,"",INDEX(Геокодування!$C$2:$C$361,MATCH("Прилуки, Чернігівська обл., "&$A22,Геокодування!$B$2:$B$361,0))),"")))) -> 50.581087 | S22: =IF($O22="","",IFERROR(INDEX('Координати майданчиків'!$I$4:$I$64,MATCH($T22,'Координати майданчиків'!$B$4:$B$64,0)),IFERROR(IF(ABS(INDEX(Геокодування!$C$2:$C$361,MATCH($Q22,Геокодування!$B$2:$B$361,0))-50.5884)+ABS(INDEX(Геокодування!$D$2:$D$361,MATCH($Q22,Геокодування!$B$2:$B$361,0))-32.3876)>0.15,"",INDEX(Геокодування!$D$2:$D$361,MATCH($Q22,Геокодування!$B$2:$B$361,0))),IFERROR(IF(ABS(INDEX(Геокодування!$C$2:$C$361,MATCH("Прилуки, Чернігівська обл., "&$A22,Геокодування!$B$2:$B$361,0))-50.5884)+ABS(INDEX(Геокодування!$D$2:$D$361,MATCH("Прилуки, Чернігівська обл., "&$A22,Геокодування!$B$2:$B$361,0))-32.3876)>0.15,"",INDEX(Геокодування!$D$2:$D$361,MATCH("Прилуки, Чернігівська обл., "&$A22,Геокодування!$B$2:$B$361,0))),"")))) -> 32.405298 | T22: =IF($O22="","",IFERROR(INDEX('Координати майданчиків'!$B$4:$B$64,MATCH($A22&IF($P22="","",", "&$P22),'Координати майданчиків'!$B$4:$B$64,0)),IFERROR(INDEX('Координати майданчиків'!$B$4:$B$64,MATCH($A22,'Координати майданчиків'!$B$4:$B$64,0)),"")))
A23: =IF($O23="","",LEFT($O23,FIND("|",$O23)-1)) -> 1 пров. Удайський | B23: =IF($O23="","",MID($O23,FIND("|",$O23)+1,999)) -> 23,33 15,5 | C23: {=IF($O23="","",_xlfn.TEXTJOIN(", ",TRUE,IF(EXACT('Дані_зв''язок'!$J$4:$J$1012,$O23)*('Дані_зв''язок'!$C$4:$C$1012=C$4),'Дані_зв''язок'!$D$4:$D$1012,"")))} -> 15:00 | D23: {=IF($O23="","",_xlfn.TEXTJOIN(", ",TRUE,IF(EXACT('Дані_зв''язок'!$J$4:$J$1012,$O23)*('Дані_зв''язок'!$C$4:$C$1012=D$4),'Дані_зв''язок'!$D$4:$D$1012,"")))} | E23: {=IF($O23="","",_xlfn.TEXTJOIN(", ",TRUE,IF(EXACT('Дані_зв''язок'!$J$4:$J$1012,$O23)*('Дані_зв''язок'!$C$4:$C$1012=E$4),'Дані_зв''язок'!$D$4:$D$1012,"")))} | F23: {=IF($O23="","",_xlfn.TEXTJOIN(", ",TRUE,IF(EXACT('Дані_зв''язок'!$J$4:$J$1012,$O23)*('Дані_зв''язок'!$C$4:$C$1012=F$4),'Дані_зв''язок'!$D$4:$D$1012,"")))} | G23: {=IF($O23="","",_xlfn.TEXTJOIN(", ",TRUE,IF(EXACT('Дані_зв''язок'!$J$4:$J$1012,$O23)*('Дані_зв''язок'!$C$4:$C$1012=G$4),'Дані_зв''язок'!$D$4:$D$1012,"")))} | H23: {=IF($O23="","",_xlfn.TEXTJOIN(", ",TRUE,IF(EXACT('Дані_зв''язок'!$J$4:$J$1012,$O23)*('Дані_зв''язок'!$C$4:$C$1012=H$4),'Дані_зв''язок'!$D$4:$D$1012,"")))} | I23: {=IF($O23="","",_xlfn.TEXTJOIN(", ",TRUE,IF(EXACT('Дані_зв''язок'!$J$4:$J$1012,$O23)*('Дані_зв''язок'!$C$4:$C$1012=I$4),'Дані_зв''язок'!$D$4:$D$1012,"")))} | J23: {=IF($O23="","",COUNTIF(C23:I23,"?*")+SUMPRODUCT(LEN(C23:I23)-LEN(SUBSTITUTE(C23:I23,",",""))))} -> 1 | K23: {=IF($O23="","",_xlfn.TEXTJOIN(", ",TRUE,IF(EXACT('Дані_зв''язок'!$J$4:$J$1012,$O23),'Дані_зв''язок'!$L$4:$L$1012,"")))} -> №6 | L23: {=IF($O23="","",_xlfn.TEXTJOIN(", ",TRUE,IF(EXACT('Дані_зв''язок'!$J$4:$J$1012,$O23),'Дані_зв''язок'!$M$4:$M$1012,"")))} -> АТ 4021 | M23: {=IF($O23="","",IF(SUMPRODUCT(MAX(EXACT('Дані_зв''язок'!$J$4:$J$1012,$O23)*IFERROR('Дані_зв''язок'!$H$4:$H$1012,0)))=0,"",SUMPRODUCT(MAX(EXACT('Дані_зв''язок'!$J$4:$J$1012,$O23)*IFERROR('Дані_зв''язок'!$H$4:$H$1012,0)))))} | O23: 1 пров. Удайський|23,33 15,5 | P23: {=IF($O23="","",IF($B23="","",IFERROR(IF(MIN(IFERROR(VALUE(TRIM(MID(SUBSTITUTE(SUBSTITUTE($B23,","," ")," ",REPT(" ",30)),{1;31;61;91;121;151;181},30))),""))=0,"",MIN(IFERROR(VALUE(TRIM(MID(SUBSTITUTE(SUBSTITUTE($B23,","," ")," ",REPT(" ",30)),{1;31;61;91;121;151;181},30))),""))),"")))} -> 5 | Q23: =IF($O23="","","Прилуки, Чернігівська обл., "&$A23&IF($P23="","",", "&$P23)) -> Прилуки, Чернігівська обл., 1 пров. Удайський, 5 | R23: =IF($O23="","",IFERROR(INDEX('Координати майданчиків'!$H$4:$H$64,MATCH($T23,'Координати майданчиків'!$B$4:$B$64,0)),IFERROR(IF(ABS(INDEX(Геокодування!$C$2:$C$361,MATCH($Q23,Геокодування!$B$2:$B$361,0))-50.5884)+ABS(INDEX(Геокодування!$D$2:$D$361,MATCH($Q23,Геокодування!$B$2:$B$361,0))-32.3876)>0.15,"",INDEX(Геокодування!$C$2:$C$361,MATCH($Q23,Геокодування!$B$2:$B$361,0))),IFERROR(IF(ABS(INDEX(Геокодування!$C$2:$C$361,MATCH("Прилуки, Чернігівська обл., "&$A23,Геокодування!$B$2:$B$361,0))-50.5884)+ABS(INDEX(Геокодування!$D$2:$D$361,MATCH("Прилуки, Чернігівська обл., "&$A23,Геокодування!$B$2:$B$361,0))-32.3876)>0.15,"",INDEX(Геокодування!$C$2:$C$361,MATCH("Прилуки, Чернігівська обл., "&$A23,Геокодування!$B$2:$B$361,0))),"")))) -> 50.598793 | S23: =IF($O23="","",IFERROR(INDEX('Координати майданчиків'!$I$4:$I$64,MATCH($T23,'Координати майданчиків'!$B$4:$B$64,0)),IFERROR(IF(ABS(INDEX(Геокодування!$C$2:$C$361,MATCH($Q23,Геокодування!$B$2:$B$361,0))-50.5884)+ABS(INDEX(Геокодування!$D$2:$D$361,MATCH($Q23,Геокодування!$B$2:$B$361,0))-32.3876)>0.15,"",INDEX(Геокодування!$D$2:$D$361,MATCH($Q23,Геокодування!$B$2:$B$361,0))),IFERROR(IF(ABS(INDEX(Геокодування!$C$2:$C$361,MATCH("Прилуки, Чернігівська обл., "&$A23,Геокодування!$B$2:$B$361,0))-50.5884)+ABS(INDEX(Геокодування!$D$2:$D$361,MATCH("Прилуки, Чернігівська обл., "&$A23,Геокодування!$B$2:$B$361,0))-32.3876)>0.15,"",INDEX(Геокодування!$D$2:$D$361,MATCH("Прилуки, Чернігівська обл., "&$A23,Геокодування!$B$2:$B$361,0))),"")))) -> 32.424425 | T23: =IF($O23="","",IFERROR(INDEX('Координати майданчиків'!$B$4:$B$64,MATCH($A23&IF($P23="","",", "&$P23),'Координати майданчиків'!$B$4:$B$64,0)),IFERROR(INDEX('Координати майданчиків'!$B$4:$B$64,MATCH($A23,'Координати майданчиків'!$B$4:$B$64,0)),"")))
A24: =IF($O24="","",LEFT($O24,FIND("|",$O24)-1)) -> 1,2 в'їзд Шарапівський | B24: =IF($O24="","",MID($O24,FIND("|",$O24)+1,999)) -> 1,2 6,7 | C24: {=IF($O24="","",_xlfn.TEXTJOIN(", ",TRUE,IF(EXACT('Дані_зв''язок'!$J$4:$J$1012,$O24)*('Дані_зв''язок'!$C$4:$C$1012=C$4),'Дані_зв''язок'!$D$4:$D$1012,"")))} | D24: {=IF($O24="","",_xlfn.TEXTJOIN(", ",TRUE,IF(EXACT('Дані_зв''язок'!$J$4:$J$1012,$O24)*('Дані_зв''язок'!$C$4:$C$1012=D$4),'Дані_зв''язок'!$D$4:$D$1012,"")))} -> 14:30 | E24: {=IF($O24="","",_xlfn.TEXTJOIN(", ",TRUE,IF(EXACT('Дані_зв''язок'!$J$4:$J$1012,$O24)*('Дані_зв''язок'!$C$4:$C$1012=E$4),'Дані_зв''язок'!$D$4:$D$1012,"")))} | F24: {=IF($O24="","",_xlfn.TEXTJOIN(", ",TRUE,IF(EXACT('Дані_зв''язок'!$J$4:$J$1012,$O24)*('Дані_зв''язок'!$C$4:$C$1012=F$4),'Дані_зв''язок'!$D$4:$D$1012,"")))} | G24: {=IF($O24="","",_xlfn.TEXTJOIN(", ",TRUE,IF(EXACT('Дані_зв''язок'!$J$4:$J$1012,$O24)*('Дані_зв''язок'!$C$4:$C$1012=G$4),'Дані_зв''язок'!$D$4:$D$1012,"")))} | H24: {=IF($O24="","",_xlfn.TEXTJOIN(", ",TRUE,IF(EXACT('Дані_зв''язок'!$J$4:$J$1012,$O24)*('Дані_зв''язок'!$C$4:$C$1012=H$4),'Дані_зв''язок'!$D$4:$D$1012,"")))} | I24: {=IF($O24="","",_xlfn.TEXTJOIN(", ",TRUE,IF(EXACT('Дані_зв''язок'!$J$4:$J$1012,$O24)*('Дані_зв''язок'!$C$4:$C$1012=I$4),'Дані_зв''язок'!$D$4:$D$1012,"")))} | J24: {=IF($O24="","",COUNTIF(C24:I24,"?*")+SUMPRODUCT(LEN(C24:I24)-LEN(SUBSTITUTE(C24:I24,",",""))))} -> 1 | K24: {=IF($O24="","",_xlfn.TEXTJOIN(", ",TRUE,IF(EXACT('Дані_зв''язок'!$J$4:$J$1012,$O24),'Дані_зв''язок'!$L$4:$L$1012,"")))} -> №6 | L24: {=IF($O24="","",_xlfn.TEXTJOIN(", ",TRUE,IF(EXACT('Дані_зв''язок'!$J$4:$J$1012,$O24),'Дані_зв''язок'!$M$4:$M$1012,"")))} -> АТ 4021 | M24: {=IF($O24="","",IF(SUMPRODUCT(MAX(EXACT('Дані_зв''язок'!$J$4:$J$1012,$O24)*IFERROR('Дані_зв''язок'!$H$4:$H$1012,0)))=0,"",SUMPRODUCT(MAX(EXACT('Дані_зв''язок'!$J$4:$J$1012,$O24)*IFERROR('Дані_зв''язок'!$H$4:$H$1012,0)))))} | O24: 1,2 в'їзд Шарапівський|1,2 6,7 | P24: {=IF($O24="","",IF($B24="","",IFERROR(IF(MIN(IFERROR(VALUE(TRIM(MID(SUBSTITUTE(SUBSTITUTE($B24,","," ")," ",REPT(" ",30)),{1;31;61;91;121;151;181},30))),""))=0,"",MIN(IFERROR(VALUE(TRIM(MID(SUBSTITUTE(SUBSTITUTE($B24,","," ")," ",REPT(" ",30)),{1;31;61;91;121;151;181},30))),""))),"")))} -> 1 | Q24: =IF($O24="","","Прилуки, Чернігівська обл., "&$A24&IF($P24="","",", "&$P24)) -> Прилуки, Чернігівська обл., 1,2 в'їзд Шарапівський, 1 | R24: 50.604496 | S24: 32.412938
A25: =IF($O25="","",LEFT($O25,FIND("|",$O25)-1)) -> 2 в'їзд Василя Стуса | B25: =IF($O25="","",MID($O25,FIND("|",$O25)+1,999)) | C25: {=IF($O25="","",_xlfn.TEXTJOIN(", ",TRUE,IF(EXACT('Дані_зв''язок'!$J$4:$J$1012,$O25)*('Дані_зв''язок'!$C$4:$C$1012=C$4),'Дані_зв''язок'!$D$4:$D$1012,"")))} | D25: {=IF($O25="","",_xlfn.TEXTJOIN(", ",TRUE,IF(EXACT('Дані_зв''язок'!$J$4:$J$1012,$O25)*('Дані_зв''язок'!$C$4:$C$1012=D$4),'Дані_зв''язок'!$D$4:$D$1012,"")))} | E25: {=IF($O25="","",_xlfn.TEXTJOIN(", ",TRUE,IF(EXACT('Дані_зв''язок'!$J$4:$J$1012,$O25)*('Дані_зв''язок'!$C$4:$C$1012=E$4),'Дані_зв''язок'!$D$4:$D$1012,"")))} | F25: {=IF($O25="","",_xlfn.TEXTJOIN(", ",TRUE,IF(EXACT('Дані_зв''язок'!$J$4:$J$1012,$O25)*('Дані_зв''язок'!$C$4:$C$1012=F$4),'Дані_зв''язок'!$D$4:$D$1012,"")))} | G25: {=IF($O25="","",_xlfn.TEXTJOIN(", ",TRUE,IF(EXACT('Дані_зв''язок'!$J$4:$J$1012,$O25)*('Дані_зв''язок'!$C$4:$C$1012=G$4),'Дані_зв''язок'!$D$4:$D$1012,"")))} -> 13:25 | H25: {=IF($O25="","",_xlfn.TEXTJOIN(", ",TRUE,IF(EXACT('Дані_зв''язок'!$J$4:$J$1012,$O25)*('Дані_зв''язок'!$C$4:$C$1012=H$4),'Дані_зв''язок'!$D$4:$D$1012,"")))} | I25: {=IF($O25="","",_xlfn.TEXTJOIN(", ",TRUE,IF(EXACT('Дані_зв''язок'!$J$4:$J$1012,$O25)*('Дані_зв''язок'!$C$4:$C$1012=I$4),'Дані_зв''язок'!$D$4:$D$1012,"")))} | J25: {=IF($O25="","",COUNTIF(C25:I25,"?*")+SUMPRODUCT(LEN(C25:I25)-LEN(SUBSTITUTE(C25:I25,",",""))))} -> 1 | K25: {=IF($O25="","",_xlfn.TEXTJOIN(", ",TRUE,IF(EXACT('Дані_зв''язок'!$J$4:$J$1012,$O25),'Дані_зв''язок'!$L$4:$L$1012,"")))} -> №3 | L25: {=IF($O25="","",_xlfn.TEXTJOIN(", ",TRUE,IF(EXACT('Дані_зв''язок'!$J$4:$J$1012,$O25),'Дані_зв''язок'!$M$4:$M$1012,"")))} -> МАЗ-4371 | M25: {=IF($O25="","",IF(SUMPRODUCT(MAX(EXACT('Дані_зв''язок'!$J$4:$J$1012,$O25)*IFERROR('Дані_зв''язок'!$H$4:$H$1012,0)))=0,"",SUMPRODUCT(MAX(EXACT('Дані_зв''язок'!$J$4:$J$1012,$O25)*IFERROR('Дані_зв''язок'!$H$4:$H$1012,0)))))} -> 3 | O25: 2 в'їзд Василя Стуса| | P25: {=IF($O25="","",IF($B25="","",IFERROR(IF(MIN(IFERROR(VALUE(TRIM(MID(SUBSTITUTE(SUBSTITUTE($B25,","," ")," ",REPT(" ",30)),{1;31;61;91;121;151;181},30))),""))=0,"",MIN(IFERROR(VALUE(TRIM(MID(SUBSTITUTE(SUBSTITUTE($B25,","," ")," ",REPT(" ",30)),{1;31;61;91;121;151;181},30))),""))),"")))} | Q25: =IF($O25="","","Прилуки, Чернігівська обл., "&$A25&IF($P25="","",", "&$P25)) -> Прилуки, Чернігівська обл., 2 в'їзд Василя Стуса | R25: =IF($O25="","",IFERROR(INDEX('Координати майданчиків'!$H$4:$H$64,MATCH($T25,'Координати майданчиків'!$B$4:$B$64,0)),IFERROR(IF(ABS(INDEX(Геокодування!$C$2:$C$361,MATCH($Q25,Геокодування!$B$2:$B$361,0))-50.5884)+ABS(INDEX(Геокодування!$D$2:$D$361,MATCH($Q25,Геокодування!$B$2:$B$361,0))-32.3876)>0.15,"",INDEX(Геокодування!$C$2:$C$361,MATCH($Q25,Геокодування!$B$2:$B$361,0))),IFERROR(IF(ABS(INDEX(Геокодування!$C$2:$C$361,MATCH("Прилуки, Чернігівська обл., "&$A25,Геокодування!$B$2:$B$361,0))-50.5884)+ABS(INDEX(Геокодування!$D$2:$D$361,MATCH("Прилуки, Чернігівська обл., "&$A25,Геокодування!$B$2:$B$361,0))-32.3876)>0.15,"",INDEX(Геокодування!$C$2:$C$361,MATCH("Прилуки, Чернігівська обл., "&$A25,Геокодування!$B$2:$B$361,0))),"")))) -> 50.582349 | S25: =IF($O25="","",IFERROR(INDEX('Координати майданчиків'!$I$4:$I$64,MATCH($T25,'Координати майданчиків'!$B$4:$B$64,0)),IFERROR(IF(ABS(INDEX(Геокодування!$C$2:$C$361,MATCH($Q25,Геокодування!$B$2:$B$361,0))-50.5884)+ABS(INDEX(Геокодування!$D$2:$D$361,MATCH($Q25,Геокодування!$B$2:$B$361,0))-32.3876)>0.15,"",INDEX(Геокодування!$D$2:$D$361,MATCH($Q25,Геокодування!$B$2:$B$361,0))),IFERROR(IF(ABS(INDEX(Геокодування!$C$2:$C$361,MATCH("Прилуки, Чернігівська обл., "&$A25,Геокодування!$B$2:$B$361,0))-50.5884)+ABS(INDEX(Геокодування!$D$2:$D$361,MATCH("Прилуки, Чернігівська обл., "&$A25,Геокодування!$B$2:$B$361,0))-32.3876)>0.15,"",INDEX(Геокодування!$D$2:$D$361,MATCH("Прилуки, Чернігівська обл., "&$A25,Геокодування!$B$2:$B$361,0))),"")))) -> 32.40832 | T25: =IF($O25="","",IFERROR(INDEX('Координати майданчиків'!$B$4:$B$64,MATCH($A25&IF($P25="","",", "&$P25),'Координати майданчиків'!$B$4:$B$64,0)),IFERROR(INDEX('Координати майданчиків'!$B$4:$B$64,MATCH($A25,'Координати майданчиків'!$B$4:$B$64,0)),"")))
A26: =IF($O26="","",LEFT($O26,FIND("|",$O26)-1)) -> 2 в'їзд Вишневий | B26: =IF($O26="","",MID($O26,FIND("|",$O26)+1,999)) | C26: {=IF($O26="","",_xlfn.TEXTJOIN(", ",TRUE,IF(EXACT('Дані_зв''язок'!$J$4:$J$1012,$O26)*('Дані_зв''язок'!$C$4:$C$1012=C$4),'Дані_зв''язок'!$D$4:$D$1012,"")))} | D26: {=IF($O26="","",_xlfn.TEXTJOIN(", ",TRUE,IF(EXACT('Дані_зв''язок'!$J$4:$J$1012,$O26)*('Дані_зв''язок'!$C$4:$C$1012=D$4),'Дані_зв''язок'!$D$4:$D$1012,"")))} | E26: {=IF($O26="","",_xlfn.TEXTJOIN(", ",TRUE,IF(EXACT('Дані_зв''язок'!$J$4:$J$1012,$O26)*('Дані_зв''язок'!$C$4:$C$1012=E$4),'Дані_зв''язок'!$D$4:$D$1012,"")))} | F26: {=IF($O26="","",_xlfn.TEXTJOIN(", ",TRUE,IF(EXACT('Дані_зв''язок'!$J$4:$J$1012,$O26)*('Дані_зв''язок'!$C$4:$C$1012=F$4),'Дані_зв''язок'!$D$4:$D$1012,"")))} | G26: {=IF($O26="","",_xlfn.TEXTJOIN(", ",TRUE,IF(EXACT('Дані_зв''язок'!$J$4:$J$1012,$O26)*('Дані_зв''язок'!$C$4:$C$1012=G$4),'Дані_зв''язок'!$D$4:$D$1012,"")))} -> 12:35 | H26: {=IF($O26="","",_xlfn.TEXTJOIN(", ",TRUE,IF(EXACT('Дані_зв''язок'!$J$4:$J$1012,$O26)*('Дані_зв''язок'!$C$4:$C$1012=H$4),'Дані_зв''язок'!$D$4:$D$1012,"")))} | I26: {=IF($O26="","",_xlfn.TEXTJOIN(", ",TRUE,IF(EXACT('Дані_зв''язок'!$J$4:$J$1012,$O26)*('Дані_зв''язок'!$C$4:$C$1012=I$4),'Дані_зв''язок'!$D$4:$D$1012,"")))} | J26: {=IF($O26="","",COUNTIF(C26:I26,"?*")+SUMPRODUCT(LEN(C26:I26)-LEN(SUBSTITUTE(C26:I26,",",""))))} -> 1 | K26: {=IF($O26="","",_xlfn.TEXTJOIN(", ",TRUE,IF(EXACT('Дані_зв''язок'!$J$4:$J$1012,$O26),'Дані_зв''язок'!$L$4:$L$1012,"")))} -> №5 | L26: {=IF($O26="","",_xlfn.TEXTJOIN(", ",TRUE,IF(EXACT('Дані_зв''язок'!$J$4:$J$1012,$O26),'Дані_зв''язок'!$M$4:$M$1012,"")))} -> МАЗ 4381 | M26: {=IF($O26="","",IF(SUMPRODUCT(MAX(EXACT('Дані_зв''язок'!$J$4:$J$1012,$O26)*IFERROR('Дані_зв''язок'!$H$4:$H$1012,0)))=0,"",SUMPRODUCT(MAX(EXACT('Дані_зв''язок'!$J$4:$J$1012,$O26)*IFERROR('Дані_зв''язок'!$H$4:$H$1012,0)))))} | O26: 2 в'їзд Вишневий| | P26: {=IF($O26="","",IF($B26="","",IFERROR(IF(MIN(IFERROR(VALUE(TRIM(MID(SUBSTITUTE(SUBSTITUTE($B26,","," ")," ",REPT(" ",30)),{1;31;61;91;121;151;181},30))),""))=0,"",MIN(IFERROR(VALUE(TRIM(MID(SUBSTITUTE(SUBSTITUTE($B26,","," ")," ",REPT(" ",30)),{1;31;61;91;121;151;181},30))),""))),"")))} | Q26: =IF($O26="","","Прилуки, Чернігівська обл., "&$A26&IF($P26="","",", "&$P26)) -> Прилуки, Чернігівська обл., 2 в'їзд Вишневий | R26: =IF($O26="","",IFERROR(INDEX('Координати майданчиків'!$H$4:$H$64,MATCH($T26,'Координати майданчиків'!$B$4:$B$64,0)),IFERROR(IF(ABS(INDEX(Геокодування!$C$2:$C$361,MATCH($Q26,Геокодування!$B$2:$B$361,0))-50.5884)+ABS(INDEX(Геокодування!$D$2:$D$361,MATCH($Q26,Геокодування!$B$2:$B$361,0))-32.3876)>0.15,"",INDEX(Геокодування!$C$2:$C$361,MATCH($Q26,Геокодування!$B$2:$B$361,0))),IFERROR(IF(ABS(INDEX(Геокодування!$C$2:$C$361,MATCH("Прилуки, Чернігівська обл., "&$A26,Геокодування!$B$2:$B$361,0))-50.5884)+ABS(INDEX(Геокодування!$D$2:$D$361,MATCH("Прилуки, Чернігівська обл., "&$A26,Геокодування!$B$2:$B$361,0))-32.3876)>0.15,"",INDEX(Геокодування!$C$2:$C$361,MATCH("Прилуки, Чернігівська обл., "&$A26,Геокодування!$B$2:$B$361,0))),"")))) -> 50.581305 | S26: =IF($O26="","",IFERROR(INDEX('Координати майданчиків'!$I$4:$I$64,MATCH($T26,'Координати майданчиків'!$B$4:$B$64,0)),IFERROR(IF(ABS(INDEX(Геокодування!$C$2:$C$361,MATCH($Q26,Геокодування!$B$2:$B$361,0))-50.5884)+ABS(INDEX(Геокодування!$D$2:$D$361,MATCH($Q26,Геокодування!$B$2:$B$361,0))-32.3876)>0.15,"",INDEX(Геокодування!$D$2:$D$361,MATCH($Q26,Геокодування!$B$2:$B$361,0))),IFERROR(IF(ABS(INDEX(Геокодування!$C$2:$C$361,MATCH("Прилуки, Чернігівська обл., "&$A26,Геокодування!$B$2:$B$361,0))-50.5884)+ABS(INDEX(Геокодування!$D$2:$D$361,MATCH("Прилуки, Чернігівська обл., "&$A26,Геокодування!$B$2:$B$361,0))-32.3876)>0.15,"",INDEX(Геокодування!$D$2:$D$361,MATCH("Прилуки, Чернігівська обл., "&$A26,Геокодування!$B$2:$B$361,0))),"")))) -> 32.425982 | T26: =IF($O26="","",IFERROR(INDEX('Координати майданчиків'!$B$4:$B$64,MATCH($A26&IF($P26="","",", "&$P26),'Координати майданчиків'!$B$4:$B$64,0)),IFERROR(INDEX('Координати майданчиків'!$B$4:$B$64,MATCH($A26,'Координати майданчиків'!$B$4:$B$64,0)),"")))
A27: =IF($O27="","",LEFT($O27,FIND("|",$O27)-1)) -> 2 в'їзд Гоголя | B27: =IF($O27="","",MID($O27,FIND("|",$O27)+1,999)) -> 4,14 | C27: {=IF($O27="","",_xlfn.TEXTJOIN(", ",TRUE,IF(EXACT('Дані_зв''язок'!$J$4:$J$1012,$O27)*('Дані_зв''язок'!$C$4:$C$1012=C$4),'Дані_зв''язок'!$D$4:$D$1012,"")))} | D27: {=IF($O27="","",_xlfn.TEXTJOIN(", ",TRUE,IF(EXACT('Дані_зв''язок'!$J$4:$J$1012,$O27)*('Дані_зв''язок'!$C$4:$C$1012=D$4),'Дані_зв''язок'!$D$4:$D$1012,"")))} | E27: {=IF($O27="","",_xlfn.TEXTJOIN(", ",TRUE,IF(EXACT('Дані_зв''язок'!$J$4:$J$1012,$O27)*('Дані_зв''язок'!$C$4:$C$1012=E$4),'Дані_зв''язок'!$D$4:$D$1012,"")))} | F27: {=IF($O27="","",_xlfn.TEXTJOIN(", ",TRUE,IF(EXACT('Дані_зв''язок'!$J$4:$J$1012,$O27)*('Дані_зв''язок'!$C$4:$C$1012=F$4),'Дані_зв''язок'!$D$4:$D$1012,"")))} -> 13:15 | G27: {=IF($O27="","",_xlfn.TEXTJOIN(", ",TRUE,IF(EXACT('Дані_зв''язок'!$J$4:$J$1012,$O27)*('Дані_зв''язок'!$C$4:$C$1012=G$4),'Дані_зв''язок'!$D$4:$D$1012,"")))} | H27: {=IF($O27="","",_xlfn.TEXTJOIN(", ",TRUE,IF(EXACT('Дані_зв''язок'!$J$4:$J$1012,$O27)*('Дані_зв''язок'!$C$4:$C$1012=H$4),'Дані_зв''язок'!$D$4:$D$1012,"")))} | I27: {=IF($O27="","",_xlfn.TEXTJOIN(", ",TRUE,IF(EXACT('Дані_зв''язок'!$J$4:$J$1012,$O27)*('Дані_зв''язок'!$C$4:$C$1012=I$4),'Дані_зв''язок'!$D$4:$D$1012,"")))} | J27: {=IF($O27="","",COUNTIF(C27:I27,"?*")+SUMPRODUCT(LEN(C27:I27)-LEN(SUBSTITUTE(C27:I27,",",""))))} -> 1 | K27: {=IF($O27="","",_xlfn.TEXTJOIN(", ",TRUE,IF(EXACT('Дані_зв''язок'!$J$4:$J$1012,$O27),'Дані_зв''язок'!$L$4:$L$1012,"")))} -> №6 | L27: {=IF($O27="","",_xlfn.TEXTJOIN(", ",TRUE,IF(EXACT('Дані_зв''язок'!$J$4:$J$1012,$O27),'Дані_зв''язок'!$M$4:$M$1012,"")))} -> АТ 4021 | M27: {=IF($O27="","",IF(SUMPRODUCT(MAX(EXACT('Дані_зв''язок'!$J$4:$J$1012,$O27)*IFERROR('Дані_зв''язок'!$H$4:$H$1012,0)))=0,"",SUMPRODUCT(MAX(EXACT('Дані_зв''язок'!$J$4:$J$1012,$O27)*IFERROR('Дані_зв''язок'!$H$4:$H$1012,0)))))} | O27: 2 в'їзд Гоголя|4,14 | P27: {=IF($O27="","",IF($B27="","",IFERROR(IF(MIN(IFERROR(VALUE(TRIM(MID(SUBSTITUTE(SUBSTITUTE($B27,","," ")," ",REPT(" ",30)),{1;31;61;91;121;151;181},30))),""))=0,"",MIN(IFERROR(VALUE(TRIM(MID(SUBSTITUTE(SUBSTITUTE($B27,","," ")," ",REPT(" ",30)),{1;31;61;91;121;151;181},30))),""))),"")))} -> 4 | Q27: =IF($O27="","","Прилуки, Чернігівська обл., "&$A27&IF($P27="","",", "&$P27)) -> Прилуки, Чернігівська обл., 2 в'їзд Гоголя, 4 | R27: =IF($O27="","",IFERROR(INDEX('Координати майданчиків'!$H$4:$H$64,MATCH($T27,'Координати майданчиків'!$B$4:$B$64,0)),IFERROR(IF(ABS(INDEX(Геокодування!$C$2:$C$361,MATCH($Q27,Геокодування!$B$2:$B$361,0))-50.5884)+ABS(INDEX(Геокодування!$D$2:$D$361,MATCH($Q27,Геокодування!$B$2:$B$361,0))-32.3876)>0.15,"",INDEX(Геокодування!$C$2:$C$361,MATCH($Q27,Геокодування!$B$2:$B$361,0))),IFERROR(IF(ABS(INDEX(Геокодування!$C$2:$C$361,MATCH("Прилуки, Чернігівська обл., "&$A27,Геокодування!$B$2:$B$361,0))-50.5884)+ABS(INDEX(Геокодування!$D$2:$D$361,MATCH("Прилуки, Чернігівська обл., "&$A27,Геокодування!$B$2:$B$361,0))-32.3876)>0.15,"",INDEX(Геокодування!$C$2:$C$361,MATCH("Прилуки, Чернігівська обл., "&$A27,Геокодування!$B$2:$B$361,0))),"")))) -> 50.607615 | S27: =IF($O27="","",IFERROR(INDEX('Координати майданчиків'!$I$4:$I$64,MATCH($T27,'Координати майданчиків'!$B$4:$B$64,0)),IFERROR(IF(ABS(INDEX(Геокодування!$C$2:$C$361,MATCH($Q27,Геокодування!$B$2:$B$361,0))-50.5884)+ABS(INDEX(Геокодування!$D$2:$D$361,MATCH($Q27,Геокодування!$B$2:$B$361,0))-32.3876)>0.15,"",INDEX(Геокодування!$D$2:$D$361,MATCH($Q27,Геокодування!$B$2:$B$361,0))),IFERROR(IF(ABS(INDEX(Геокодування!$C$2:$C$361,MATCH("Прилуки, Чернігівська обл., "&$A27,Геокодування!$B$2:$B$361,0))-50.5884)+ABS(INDEX(Геокодування!$D$2:$D$361,MATCH("Прилуки, Чернігівська обл., "&$A27,Геокодування!$B$2:$B$361,0))-32.3876)>0.15,"",INDEX(Геокодування!$D$2:$D$361,MATCH("Прилуки, Чернігівська обл., "&$A27,Геокодування!$B$2:$B$361,0))),"")))) -> 32.379039 | T27: =IF($O27="","",IFERROR(INDEX('Координати майданчиків'!$B$4:$B$64,MATCH($A27&IF($P27="","",", "&$P27),'Координати майданчиків'!$B$4:$B$64,0)),IFERROR(INDEX('Координати майданчиків'!$B$4:$B$64,MATCH($A27,'Координати майданчиків'!$B$4:$B$64,0)),"")))
A28: =IF($O28="","",LEFT($O28,FIND("|",$O28)-1)) -> 2 в-д Небесної Сотні | B28: =IF($O28="","",MID($O28,FIND("|",$O28)+1,999)) -> НВК | C28: {=IF($O28="","",_xlfn.TEXTJOIN(", ",TRUE,IF(EXACT('Дані_зв''язок'!$J$4:$J$1012,$O28)*('Дані_зв''язок'!$C$4:$C$1012=C$4),'Дані_зв''язок'!$D$4:$D$1012,"")))} -> 8:05 | D28: {=IF($O28="","",_xlfn.TEXTJOIN(", ",TRUE,IF(EXACT('Дані_зв''язок'!$J$4:$J$1012,$O28)*('Дані_зв''язок'!$C$4:$C$1012=D$4),'Дані_зв''язок'!$D$4:$D$1012,"")))} | E28: {=IF($O28="","",_xlfn.TEXTJOIN(", ",TRUE,IF(EXACT('Дані_зв''язок'!$J$4:$J$1012,$O28)*('Дані_зв''язок'!$C$4:$C$1012=E$4),'Дані_зв''язок'!$D$4:$D$1012,"")))} | F28: {=IF($O28="","",_xlfn.TEXTJOIN(", ",TRUE,IF(EXACT('Дані_зв''язок'!$J$4:$J$1012,$O28)*('Дані_зв''язок'!$C$4:$C$1012=F$4),'Дані_зв''язок'!$D$4:$D$1012,"")))} | G28: {=IF($O28="","",_xlfn.TEXTJOIN(", ",TRUE,IF(EXACT('Дані_зв''язок'!$J$4:$J$1012,$O28)*('Дані_зв''язок'!$C$4:$C$1012=G$4),'Дані_зв''язок'!$D$4:$D$1012,"")))} | H28: {=IF($O28="","",_xlfn.TEXTJOIN(", ",TRUE,IF(EXACT('Дані_зв''язок'!$J$4:$J$1012,$O28)*('Дані_зв''язок'!$C$4:$C$1012=H$4),'Дані_зв''язок'!$D$4:$D$1012,"")))} | I28: {=IF($O28="","",_xlfn.TEXTJOIN(", ",TRUE,IF(EXACT('Дані_зв''язок'!$J$4:$J$1012,$O28)*('Дані_зв''язок'!$C$4:$C$1012=I$4),'Дані_зв''язок'!$D$4:$D$1012,"")))} | J28: {=IF($O28="","",COUNTIF(C28:I28,"?*")+SUMPRODUCT(LEN(C28:I28)-LEN(SUBSTITUTE(C28:I28,",",""))))} -> 1 | K28: {=IF($O28="","",_xlfn.TEXTJOIN(", ",TRUE,IF(EXACT('Дані_зв''язок'!$J$4:$J$1012,$O28),'Дані_зв''язок'!$L$4:$L$1012,"")))} -> №3 | L28: {=IF($O28="","",_xlfn.TEXTJOIN(", ",TRUE,IF(EXACT('Дані_зв''язок'!$J$4:$J$1012,$O28),'Дані_зв''язок'!$M$4:$M$1012,"")))} -> ГАЗ 3309 | M28: {=IF($O28="","",IF(SUMPRODUCT(MAX(EXACT('Дані_зв''язок'!$J$4:$J$1012,$O28)*IFERROR('Дані_зв''язок'!$H$4:$H$1012,0)))=0,"",SUMPRODUCT(MAX(EXACT('Дані_зв''язок'!$J$4:$J$1012,$O28)*IFERROR('Дані_зв''язок'!$H$4:$H$1012,0)))))} -> 2 | O28: 2 в-д Небесної Сотні|НВК | P28: {=IF($O28="","",IF($B28="","",IFERROR(IF(MIN(IFERROR(VALUE(TRIM(MID(SUBSTITUTE(SUBSTITUTE($B28,","," ")," ",REPT(" ",30)),{1;31;61;91;121;151;181},30))),""))=0,"",MIN(IFERROR(VALUE(TRIM(MID(SUBSTITUTE(SUBSTITUTE($B28,","," ")," ",REPT(" ",30)),{1;31;61;91;121;151;181},30))),""))),"")))} | Q28: =IF($O28="","","Прилуки, Чернігівська обл., "&$A28&IF($P28="","",", "&$P28)) -> Прилуки, Чернігівська обл., 2 в-д Небесної Сотні | R28: =IF($O28="","",IFERROR(INDEX('Координати майданчиків'!$H$4:$H$64,MATCH($T28,'Координати майданчиків'!$B$4:$B$64,0)),IFERROR(IF(ABS(INDEX(Геокодування!$C$2:$C$361,MATCH($Q28,Геокодування!$B$2:$B$361,0))-50.5884)+ABS(INDEX(Геокодування!$D$2:$D$361,MATCH($Q28,Геокодування!$B$2:$B$361,0))-32.3876)>0.15,"",INDEX(Геокодування!$C$2:$C$361,MATCH($Q28,Геокодування!$B$2:$B$361,0))),IFERROR(IF(ABS(INDEX(Геокодування!$C$2:$C$361,MATCH("Прилуки, Чернігівська обл., "&$A28,Геокодування!$B$2:$B$361,0))-50.5884)+ABS(INDEX(Геокодування!$D$2:$D$361,MATCH("Прилуки, Чернігівська обл., "&$A28,Геокодування!$B$2:$B$361,0))-32.3876)>0.15,"",INDEX(Геокодування!$C$2:$C$361,MATCH("Прилуки, Чернігівська обл., "&$A28,Геокодування!$B$2:$B$361,0))),"")))) -> 50.594044 | S28: =IF($O28="","",IFERROR(INDEX('Координати майданчиків'!$I$4:$I$64,MATCH($T28,'Координати майданчиків'!$B$4:$B$64,0)),IFERROR(IF(ABS(INDEX(Геокодування!$C$2:$C$361,MATCH($Q28,Геокодування!$B$2:$B$361,0))-50.5884)+ABS(INDEX(Геокодування!$D$2:$D$361,MATCH($Q28,Геокодування!$B$2:$B$361,0))-32.3876)>0.15,"",INDEX(Геокодування!$D$2:$D$361,MATCH($Q28,Геокодування!$B$2:$B$361,0))),IFERROR(IF(ABS(INDEX(Геокодування!$C$2:$C$361,MATCH("Прилуки, Чернігівська обл., "&$A28,Геокодування!$B$2:$B$361,0))-50.5884)+ABS(INDEX(Геокодування!$D$2:$D$361,MATCH("Прилуки, Чернігівська обл., "&$A28,Геокодування!$B$2:$B$361,0))-32.3876)>0.15,"",INDEX(Геокодування!$D$2:$D$361,MATCH("Прилуки, Чернігівська обл., "&$A28,Геокодування!$B$2:$B$361,0))),"")))) -> 32.374926 | T28: =IF($O28="","",IFERROR(INDEX('Координати майданчиків'!$B$4:$B$64,MATCH($A28&IF($P28="","",", "&$P28),'Координати майданчиків'!$B$4:$B$64,0)),IFERROR(INDEX('Координати майданчиків'!$B$4:$B$64,MATCH($A28,'Координати майданчиків'!$B$4:$B$64,0)),"")))
A29: =IF($O29="","",LEFT($O29,FIND("|",$O29)-1)) -> 2 пров. Європейський | B29: =IF($O29="","",MID($O29,FIND("|",$O29)+1,999)) | C29: {=IF($O29="","",_xlfn.TEXTJOIN(", ",TRUE,IF(EXACT('Дані_зв''язок'!$J$4:$J$1012,$O29)*('Дані_зв''язок'!$C$4:$C$1012=C$4),'Дані_зв''язок'!$D$4:$D$1012,"")))} | D29: {=IF($O29="","",_xlfn.TEXTJOIN(", ",TRUE,IF(EXACT('Дані_зв''язок'!$J$4:$J$1012,$O29)*('Дані_зв''язок'!$C$4:$C$1012=D$4),'Дані_зв''язок'!$D$4:$D$1012,"")))} | E29: {=IF($O29="","",_xlfn.TEXTJOIN(", ",TRUE,IF(EXACT('Дані_зв''язок'!$J$4:$J$1012,$O29)*('Дані_зв''язок'!$C$4:$C$1012=E$4),'Дані_зв''язок'!$D$4:$D$1012,"")))} | F29: {=IF($O29="","",_xlfn.TEXTJOIN(", ",TRUE,IF(EXACT('Дані_зв''язок'!$J$4:$J$1012,$O29)*('Дані_зв''язок'!$C$4:$C$1012=F$4),'Дані_зв''язок'!$D$4:$D$1012,"")))} -> 8:25 | G29: {=IF($O29="","",_xlfn.TEXTJOIN(", ",TRUE,IF(EXACT('Дані_зв''язок'!$J$4:$J$1012,$O29)*('Дані_зв''язок'!$C$4:$C$1012=G$4),'Дані_зв''язок'!$D$4:$D$1012,"")))} | H29: {=IF($O29="","",_xlfn.TEXTJOIN(", ",TRUE,IF(EXACT('Дані_зв''язок'!$J$4:$J$1012,$O29)*('Дані_зв''язок'!$C$4:$C$1012=H$4),'Дані_зв''язок'!$D$4:$D$1012,"")))} | I29: {=IF($O29="","",_xlfn.TEXTJOIN(", ",TRUE,IF(EXACT('Дані_зв''язок'!$J$4:$J$1012,$O29)*('Дані_зв''язок'!$C$4:$C$1012=I$4),'Дані_зв''язок'!$D$4:$D$1012,"")))} | J29: {=IF($O29="","",COUNTIF(C29:I29,"?*")+SUMPRODUCT(LEN(C29:I29)-LEN(SUBSTITUTE(C29:I29,",",""))))} -> 1 | K29: {=IF($O29="","",_xlfn.TEXTJOIN(", ",TRUE,IF(EXACT('Дані_зв''язок'!$J$4:$J$1012,$O29),'Дані_зв''язок'!$L$4:$L$1012,"")))} -> №5 | L29: {=IF($O29="","",_xlfn.TEXTJOIN(", ",TRUE,IF(EXACT('Дані_зв''язок'!$J$4:$J$1012,$O29),'Дані_зв''язок'!$M$4:$M$1012,"")))} -> МАЗ 4381 | M29: {=IF($O29="","",IF(SUMPRODUCT(MAX(EXACT('Дані_зв''язок'!$J$4:$J$1012,$O29)*IFERROR('Дані_зв''язок'!$H$4:$H$1012,0)))=0,"",SUMPRODUCT(MAX(EXACT('Дані_зв''язок'!$J$4:$J$1012,$O29)*IFERROR('Дані_зв''язок'!$H$4:$H$1012,0)))))} | O29: 2 пров. Європейський| | P29: {=IF($O29="","",IF($B29="","",IFERROR(IF(MIN(IFERROR(VALUE(TRIM(MID(SUBSTITUTE(SUBSTITUTE($B29,","," ")," ",REPT(" ",30)),{1;31;61;91;121;151;181},30))),""))=0,"",MIN(IFERROR(VALUE(TRIM(MID(SUBSTITUTE(SUBSTITUTE($B29,","," ")," ",REPT(" ",30)),{1;31;61;91;121;151;181},30))),""))),"")))} | Q29: =IF($O29="","","Прилуки, Чернігівська обл., "&$A29&IF($P29="","",", "&$P29)) -> Прилуки, Чернігівська обл., 2 пров. Європейський | R29: =IF($O29="","",IFERROR(INDEX('Координати майданчиків'!$H$4:$H$64,MATCH($T29,'Координати майданчиків'!$B$4:$B$64,0)),IFERROR(IF(ABS(INDEX(Геокодування!$C$2:$C$361,MATCH($Q29,Геокодування!$B$2:$B$361,0))-50.5884)+ABS(INDEX(Геокодування!$D$2:$D$361,MATCH($Q29,Геокодування!$B$2:$B$361,0))-32.3876)>0.15,"",INDEX(Геокодування!$C$2:$C$361,MATCH($Q29,Геокодування!$B$2:$B$361,0))),IFERROR(IF(ABS(INDEX(Геокодування!$C$2:$C$361,MATCH("Прилуки, Чернігівська обл., "&$A29,Геокодування!$B$2:$B$361,0))-50.5884)+ABS(INDEX(Геокодування!$D$2:$D$361,MATCH("Прилуки, Чернігівська обл., "&$A29,Геокодування!$B$2:$B$361,0))-32.3876)>0.15,"",INDEX(Геокодування!$C$2:$C$361,MATCH("Прилуки, Чернігівська обл., "&$A29,Геокодування!$B$2:$B$361,0))),"")))) -> 50.593848 | S29: =IF($O29="","",IFERROR(INDEX('Координати майданчиків'!$I$4:$I$64,MATCH($T29,'Координати майданчиків'!$B$4:$B$64,0)),IFERROR(IF(ABS(INDEX(Геокодування!$C$2:$C$361,MATCH($Q29,Геокодування!$B$2:$B$361,0))-50.5884)+ABS(INDEX(Геокодування!$D$2:$D$361,MATCH($Q29,Геокодування!$B$2:$B$361,0))-32.3876)>0.15,"",INDEX(Геокодування!$D$2:$D$361,MATCH($Q29,Геокодування!$B$2:$B$361,0))),IFERROR(IF(ABS(INDEX(Геокодування!$C$2:$C$361,MATCH("Прилуки, Чернігівська обл., "&$A29,Геокодування!$B$2:$B$361,0))-50.5884)+ABS(INDEX(Геокодування!$D$2:$D$361,MATCH("Прилуки, Чернігівська обл., "&$A29,Геокодування!$B$2:$B$361,0))-32.3876)>0.15,"",INDEX(Геокодування!$D$2:$D$361,MATCH("Прилуки, Чернігівська обл., "&$A29,Геокодування!$B$2:$B$361,0))),"")))) -> 32.365535 | T29: =IF($O29="","",IFERROR(INDEX('Координати майданчиків'!$B$4:$B$64,MATCH($A29&IF($P29="","",", "&$P29),'Координати майданчиків'!$B$4:$B$64,0)),IFERROR(INDEX('Координати майданчиків'!$B$4:$B$64,MATCH($A29,'Координати майданчиків'!$B$4:$B$64,0)),"")))
A30: =IF($O30="","",LEFT($O30,FIND("|",$O30)-1)) -> 2 пров. І. Сірка | B30: =IF($O30="","",MID($O30,FIND("|",$O30)+1,999)) | C30: {=IF($O30="","",_xlfn.TEXTJOIN(", ",TRUE,IF(EXACT('Дані_зв''язок'!$J$4:$J$1012,$O30)*('Дані_зв''язок'!$C$4:$C$1012=C$4),'Дані_зв''язок'!$D$4:$D$1012,"")))} | D30: {=IF($O30="","",_xlfn.TEXTJOIN(", ",TRUE,IF(EXACT('Дані_зв''язок'!$J$4:$J$1012,$O30)*('Дані_зв''язок'!$C$4:$C$1012=D$4),'Дані_зв''язок'!$D$4:$D$1012,"")))} -> 12:30 | E30: {=IF($O30="","",_xlfn.TEXTJOIN(", ",TRUE,IF(EXACT('Дані_зв''язок'!$J$4:$J$1012,$O30)*('Дані_зв''язок'!$C$4:$C$1012=E$4),'Дані_зв''язок'!$D$4:$D$1012,"")))} | F30: {=IF($O30="","",_xlfn.TEXTJOIN(", ",TRUE,IF(EXACT('Дані_зв''язок'!$J$4:$J$1012,$O30)*('Дані_зв''язок'!$C$4:$C$1012=F$4),'Дані_зв''язок'!$D$4:$D$1012,"")))} | G30: {=IF($O30="","",_xlfn.TEXTJOIN(", ",TRUE,IF(EXACT('Дані_зв''язок'!$J$4:$J$1012,$O30)*('Дані_зв''язок'!$C$4:$C$1012=G$4),'Дані_зв''язок'!$D$4:$D$1012,"")))} | H30: {=IF($O30="","",_xlfn.TEXTJOIN(", ",TRUE,IF(EXACT('Дані_зв''язок'!$J$4:$J$1012,$O30)*('Дані_зв''язок'!$C$4:$C$1012=H$4),'Дані_зв''язок'!$D$4:$D$1012,"")))} | I30: {=IF($O30="","",_xlfn.TEXTJOIN(", ",TRUE,IF(EXACT('Дані_зв''язок'!$J$4:$J$1012,$O30)*('Дані_зв''язок'!$C$4:$C$1012=I$4),'Дані_зв''язок'!$D$4:$D$1012,"")))} | J30: {=IF($O30="","",COUNTIF(C30:I30,"?*")+SUMPRODUCT(LEN(C30:I30)-LEN(SUBSTITUTE(C30:I30,",",""))))} -> 1 | K30: {=IF($O30="","",_xlfn.TEXTJOIN(", ",TRUE,IF(EXACT('Дані_зв''язок'!$J$4:$J$1012,$O30),'Дані_зв''язок'!$L$4:$L$1012,"")))} -> №5 | L30: {=IF($O30="","",_xlfn.TEXTJOIN(", ",TRUE,IF(EXACT('Дані_зв''язок'!$J$4:$J$1012,$O30),'Дані_зв''язок'!$M$4:$M$1012,"")))} -> МАЗ 4381 | M30: {=IF($O30="","",IF(SUMPRODUCT(MAX(EXACT('Дані_зв''язок'!$J$4:$J$1012,$O30)*IFERROR('Дані_зв''язок'!$H$4:$H$1012,0)))=0,"",SUMPRODUCT(MAX(EXACT('Дані_зв''язок'!$J$4:$J$1012,$O30)*IFERROR('Дані_зв''язок'!$H$4:$H$1012,0)))))} | O30: 2 пров. І. Сірка| | P30: {=IF($O30="","",IF($B30="","",IFERROR(IF(MIN(IFERROR(VALUE(TRIM(MID(SUBSTITUTE(SUBSTITUTE($B30,","," ")," ",REPT(" ",30)),{1;31;61;91;121;151;181},30))),""))=0,"",MIN(IFERROR(VALUE(TRIM(MID(SUBSTITUTE(SUBSTITUTE($B30,","," ")," ",REPT(" ",30)),{1;31;61;91;121;151;181},30))),""))),"")))} | Q30: =IF($O30="","","Прилуки, Чернігівська обл., "&$A30&IF($P30="","",", "&$P30)) -> Прилуки, Чернігівська обл., 2 пров. І. Сірка | R30: =IF($O30="","",IFERROR(INDEX('Координати майданчиків'!$H$4:$H$64,MATCH($T30,'Координати майданчиків'!$B$4:$B$64,0)),IFERROR(IF(ABS(INDEX(Геокодування!$C$2:$C$361,MATCH($Q30,Геокодування!$B$2:$B$361,0))-50.5884)+ABS(INDEX(Геокодування!$D$2:$D$361,MATCH($Q30,Геокодування!$B$2:$B$361,0))-32.3876)>0.15,"",INDEX(Геокодування!$C$2:$C$361,MATCH($Q30,Геокодування!$B$2:$B$361,0))),IFERROR(IF(ABS(INDEX(Геокодування!$C$2:$C$361,MATCH("Прилуки, Чернігівська обл., "&$A30,Геокодування!$B$2:$B$361,0))-50.5884)+ABS(INDEX(Геокодування!$D$2:$D$361,MATCH("Прилуки, Чернігівська обл., "&$A30,Геокодування!$B$2:$B$361,0))-32.3876)>0.15,"",INDEX(Геокодування!$C$2:$C$361,MATCH("Прилуки, Чернігівська обл., "&$A30,Геокодування!$B$2:$B$361,0))),"")))) -> 50.602616 | S30: =IF($O30="","",IFERROR(INDEX('Координати майданчиків'!$I$4:$I$64,MATCH($T30,'Координати майданчиків'!$B$4:$B$64,0)),IFERROR(IF(ABS(INDEX(Геокодування!$C$2:$C$361,MATCH($Q30,Геокодування!$B$2:$B$361,0))-50.5884)+ABS(INDEX(Геокодування!$D$2:$D$361,MATCH($Q30,Геокодування!$B$2:$B$361,0))-32.3876)>0.15,"",INDEX(Геокодування!$D$2:$D$361,MATCH($Q30,Геокодування!$B$2:$B$361,0))),IFERROR(IF(ABS(INDEX(Геокодування!$C$2:$C$361,MATCH("Прилуки, Чернігівська обл., "&$A30,Геокодування!$B$2:$B$361,0))-50.5884)+ABS(INDEX(Геокодування!$D$2:$D$361,MATCH("Прилуки, Чернігівська обл., "&$A30,Геокодування!$B$2:$B$361,0))-32.3876)>0.15,"",INDEX(Геокодування!$D$2:$D$361,MATCH("Прилуки, Чернігівська обл., "&$A30,Геокодування!$B$2:$B$361,0))),"")))) -> 32.330158 | T30: =IF($O30="","",IFERROR(INDEX('Координати майданчиків'!$B$4:$B$64,MATCH($A30&IF($P30="","",", "&$P30),'Координати майданчиків'!$B$4:$B$64,0)),IFERROR(INDEX('Координати майданчиків'!$B$4:$B$64,MATCH($A30,'Координати майданчиків'!$B$4:$B$64,0)),"")))
A31: =IF($O31="","",LEFT($O31,FIND("|",$O31)-1)) -> 2 пров. Андріївський | B31: =IF($O31="","",MID($O31,FIND("|",$O31)+1,999)) -> Моноліт | C31: {=IF($O31="","",_xlfn.TEXTJOIN(", ",TRUE,IF(EXACT('Дані_зв''язок'!$J$4:$J$1012,$O31)*('Дані_зв''язок'!$C$4:$C$1012=C$4),'Дані_зв''язок'!$D$4:$D$1012,"")))} | D31: {=IF($O31="","",_xlfn.TEXTJOIN(", ",TRUE,IF(EXACT('Дані_зв''язок'!$J$4:$J$1012,$O31)*('Дані_зв''язок'!$C$4:$C$1012=D$4),'Дані_зв''язок'!$D$4:$D$1012,"")))} -> 14:40 | E31: {=IF($O31="","",_xlfn.TEXTJOIN(", ",TRUE,IF(EXACT('Дані_зв''язок'!$J$4:$J$1012,$O31)*('Дані_зв''язок'!$C$4:$C$1012=E$4),'Дані_зв''язок'!$D$4:$D$1012,"")))} | F31: {=IF($O31="","",_xlfn.TEXTJOIN(", ",TRUE,IF(EXACT('Дані_зв''язок'!$J$4:$J$1012,$O31)*('Дані_зв''язок'!$C$4:$C$1012=F$4),'Дані_зв''язок'!$D$4:$D$1012,"")))} -> 14:25 | G31: {=IF($O31="","",_xlfn.TEXTJOIN(", ",TRUE,IF(EXACT('Дані_зв''язок'!$J$4:$J$1012,$O31)*('Дані_зв''язок'!$C$4:$C$1012=G$4),'Дані_зв''язок'!$D$4:$D$1012,"")))} | H31: {=IF($O31="","",_xlfn.TEXTJOIN(", ",TRUE,IF(EXACT('Дані_зв''язок'!$J$4:$J$1012,$O31)*('Дані_зв''язок'!$C$4:$C$1012=H$4),'Дані_зв''язок'!$D$4:$D$1012,"")))} | I31: {=IF($O31="","",_xlfn.TEXTJOIN(", ",TRUE,IF(EXACT('Дані_зв''язок'!$J$4:$J$1012,$O31)*('Дані_зв''язок'!$C$4:$C$1012=I$4),'Дані_зв''язок'!$D$4:$D$1012,"")))} | J31: {=IF($O31="","",COUNTIF(C31:I31,"?*")+SUMPRODUCT(LEN(C31:I31)-LEN(SUBSTITUTE(C31:I31,",",""))))} -> 2 | K31: {=IF($O31="","",_xlfn.TEXTJOIN(", ",TRUE,IF(EXACT('Дані_зв''язок'!$J$4:$J$1012,$O31),'Дані_зв''язок'!$L$4:$L$1012,"")))} -> №4 | L31: {=IF($O31="","",_xlfn.TEXTJOIN(", ",TRUE,IF(EXACT('Дані_зв''язок'!$J$4:$J$1012,$O31),'Дані_зв''язок'!$M$4:$M$1012,"")))} -> АТ 40-42/ROD21003 | M31: {=IF($O31="","",IF(SUMPRODUCT(MAX(EXACT('Дані_зв''язок'!$J$4:$J$1012,$O31)*IFERROR('Дані_зв''язок'!$H$4:$H$1012,0)))=0,"",SUMPRODUCT(MAX(EXACT('Дані_зв''язок'!$J$4:$J$1012,$O31)*IFERROR('Дані_зв''язок'!$H$4:$H$1012,0)))))} -> 2 | O31: 2 пров. Андріївський|Моноліт | P31: {=IF($O31="","",IF($B31="","",IFERROR(IF(MIN(IFERROR(VALUE(TRIM(MID(SUBSTITUTE(SUBSTITUTE($B31,","," ")," ",REPT(" ",30)),{1;31;61;91;121;151;181},30))),""))=0,"",MIN(IFERROR(VALUE(TRIM(MID(SUBSTITUTE(SUBSTITUTE($B31,","," ")," ",REPT(" ",30)),{1;31;61;91;121;151;181},30))),""))),"")))} | Q31: =IF($O31="","","Прилуки, Чернігівська обл., "&$A31&IF($P31="","",", "&$P31)) -> Прилуки, Чернігівська обл., 2 пров. Андріївський | R31: =IF($O31="","",IFERROR(INDEX('Координати майданчиків'!$H$4:$H$64,MATCH($T31,'Координати майданчиків'!$B$4:$B$64,0)),IFERROR(IF(ABS(INDEX(Геокодування!$C$2:$C$361,MATCH($Q31,Геокодування!$B$2:$B$361,0))-50.5884)+ABS(INDEX(Геокодування!$D$2:$D$361,MATCH($Q31,Геокодування!$B$2:$B$361,0))-32.3876)>0.15,"",INDEX(Геокодування!$C$2:$C$361,MATCH($Q31,Геокодування!$B$2:$B$361,0))),IFERROR(IF(ABS(INDEX(Геокодування!$C$2:$C$361,MATCH("Прилуки, Чернігівська обл., "&$A31,Геокодування!$B$2:$B$361,0))-50.5884)+ABS(INDEX(Геокодування!$D$2:$D$361,MATCH("Прилуки, Чернігівська обл., "&$A31,Геокодування!$B$2:$B$361,0))-32.3876)>0.15,"",INDEX(Геокодування!$C$2:$C$361,MATCH("Прилуки, Чернігівська обл., "&$A31,Геокодування!$B$2:$B$361,0))),"")))) -> 50.591387 | S31: =IF($O31="","",IFERROR(INDEX('Координати майданчиків'!$I$4:$I$64,MATCH($T31,'Координати майданчиків'!$B$4:$B$64,0)),IFERROR(IF(ABS(INDEX(Геокодування!$C$2:$C$361,MATCH($Q31,Геокодування!$B$2:$B$361,0))-50.5884)+ABS(INDEX(Геокодування!$D$2:$D$361,MATCH($Q31,Геокодування!$B$2:$B$361,0))-32.3876)>0.15,"",INDEX(Геокодування!$D$2:$D$361,MATCH($Q31,Геокодування!$B$2:$B$361,0))),IFERROR(IF(ABS(INDEX(Геокодування!$C$2:$C$361,MATCH("Прилуки, Чернігівська обл., "&$A31,Геокодування!$B$2:$B$361,0))-50.5884)+ABS(INDEX(Геокодування!$D$2:$D$361,MATCH("Прилуки, Чернігівська обл., "&$A31,Геокодування!$B$2:$B$361,0))-32.3876)>0.15,"",INDEX(Геокодування!$D$2:$D$361,MATCH("Прилуки, Чернігівська обл., "&$A31,Геокодування!$B$2:$B$361,0))),"")))) -> 32.370229 | T31: =IF($O31="","",IFERROR(INDEX('Координати майданчиків'!$B$4:$B$64,MATCH($A31&IF($P31="","",", "&$P31),'Координати майданчиків'!$B$4:$B$64,0)),IFERROR(INDEX('Координати майданчиків'!$B$4:$B$64,MATCH($A31,'Координати майданчиків'!$B$4:$B$64,0)),"")))
A32: =IF($O32="","",LEFT($O32,FIND("|",$O32)-1)) -> 2 пров. В. Стуса | B32: =IF($O32="","",MID($O32,FIND("|",$O32)+1,999)) | C32: {=IF($O32="","",_xlfn.TEXTJOIN(", ",TRUE,IF(EXACT('Дані_зв''язок'!$J$4:$J$1012,$O32)*('Дані_зв''язок'!$C$4:$C$1012=C$4),'Дані_зв''язок'!$D$4:$D$1012,"")))} | D32: {=IF($O32="","",_xlfn.TEXTJOIN(", ",TRUE,IF(EXACT('Дані_зв''язок'!$J$4:$J$1012,$O32)*('Дані_зв''язок'!$C$4:$C$1012=D$4),'Дані_зв''язок'!$D$4:$D$1012,"")))} | E32: {=IF($O32="","",_xlfn.TEXTJOIN(", ",TRUE,IF(EXACT('Дані_зв''язок'!$J$4:$J$1012,$O32)*('Дані_зв''язок'!$C$4:$C$1012=E$4),'Дані_зв''язок'!$D$4:$D$1012,"")))} | F32: {=IF($O32="","",_xlfn.TEXTJOIN(", ",TRUE,IF(EXACT('Дані_зв''язок'!$J$4:$J$1012,$O32)*('Дані_зв''язок'!$C$4:$C$1012=F$4),'Дані_зв''язок'!$D$4:$D$1012,"")))} -> 12:55 | G32: {=IF($O32="","",_xlfn.TEXTJOIN(", ",TRUE,IF(EXACT('Дані_зв''язок'!$J$4:$J$1012,$O32)*('Дані_зв''язок'!$C$4:$C$1012=G$4),'Дані_зв''язок'!$D$4:$D$1012,"")))} | H32: {=IF($O32="","",_xlfn.TEXTJOIN(", ",TRUE,IF(EXACT('Дані_зв''язок'!$J$4:$J$1012,$O32)*('Дані_зв''язок'!$C$4:$C$1012=H$4),'Дані_зв''язок'!$D$4:$D$1012,"")))} | I32: {=IF($O32="","",_xlfn.TEXTJOIN(", ",TRUE,IF(EXACT('Дані_зв''язок'!$J$4:$J$1012,$O32)*('Дані_зв''язок'!$C$4:$C$1012=I$4),'Дані_зв''язок'!$D$4:$D$1012,"")))} | J32: {=IF($O32="","",COUNTIF(C32:I32,"?*")+SUMPRODUCT(LEN(C32:I32)-LEN(SUBSTITUTE(C32:I32,",",""))))} -> 1 | K32: {=IF($O32="","",_xlfn.TEXTJOIN(", ",TRUE,IF(EXACT('Дані_зв''язок'!$J$4:$J$1012,$O32),'Дані_зв''язок'!$L$4:$L$1012,"")))} -> №5 | L32: {=IF($O32="","",_xlfn.TEXTJOIN(", ",TRUE,IF(EXACT('Дані_зв''язок'!$J$4:$J$1012,$O32),'Дані_зв''язок'!$M$4:$M$1012,"")))} -> МАЗ 4381 | M32: {=IF($O32="","",IF(SUMPRODUCT(MAX(EXACT('Дані_зв''язок'!$J$4:$J$1012,$O32)*IFERROR('Дані_зв''язок'!$H$4:$H$1012,0)))=0,"",SUMPRODUCT(MAX(EXACT('Дані_зв''язок'!$J$4:$J$1012,$O32)*IFERROR('Дані_зв''язок'!$H$4:$H$1012,0)))))} | O32: 2 пров. В. Стуса| | P32: {=IF($O32="","",IF($B32="","",IFERROR(IF(MIN(IFERROR(VALUE(TRIM(MID(SUBSTITUTE(SUBSTITUTE($B32,","," ")," ",REPT(" ",30)),{1;31;61;91;121;151;181},30))),""))=0,"",MIN(IFERROR(VALUE(TRIM(MID(SUBSTITUTE(SUBSTITUTE($B32,","," ")," ",REPT(" ",30)),{1;31;61;91;121;151;181},30))),""))),"")))} | Q32: =IF($O32="","","Прилуки, Чернігівська обл., "&$A32&IF($P32="","",", "&$P32)) -> Прилуки, Чернігівська обл., 2 пров. В. Стуса | R32: =IF($O32="","",IFERROR(INDEX('Координати майданчиків'!$H$4:$H$64,MATCH($T32,'Координати майданчиків'!$B$4:$B$64,0)),IFERROR(IF(ABS(INDEX(Геокодування!$C$2:$C$361,MATCH($Q32,Геокодування!$B$2:$B$361,0))-50.5884)+ABS(INDEX(Геокодування!$D$2:$D$361,MATCH($Q32,Геокодування!$B$2:$B$361,0))-32.3876)>0.15,"",INDEX(Геокодування!$C$2:$C$361,MATCH($Q32,Геокодування!$B$2:$B$361,0))),IFERROR(IF(ABS(INDEX(Геокодування!$C$2:$C$361,MATCH("Прилуки, Чернігівська обл., "&$A32,Геокодування!$B$2:$B$361,0))-50.5884)+ABS(INDEX(Геокодування!$D$2:$D$361,MATCH("Прилуки, Чернігівська обл., "&$A32,Геокодування!$B$2:$B$361,0))-32.3876)>0.15,"",INDEX(Геокодування!$C$2:$C$361,MATCH("Прилуки, Чернігівська обл., "&$A32,Геокодування!$B$2:$B$361,0))),"")))) -> 50.579769 | S32: =IF($O32="","",IFERROR(INDEX('Координати майданчиків'!$I$4:$I$64,MATCH($T32,'Координати майданчиків'!$B$4:$B$64,0)),IFERROR(IF(ABS(INDEX(Геокодування!$C$2:$C$361,MATCH($Q32,Геокодування!$B$2:$B$361,0))-50.5884)+ABS(INDEX(Геокодування!$D$2:$D$361,MATCH($Q32,Геокодування!$B$2:$B$361,0))-32.3876)>0.15,"",INDEX(Геокодування!$D$2:$D$361,MATCH($Q32,Геокодування!$B$2:$B$361,0))),IFERROR(IF(ABS(INDEX(Геокодування!$C$2:$C$361,MATCH("Прилуки, Чернігівська обл., "&$A32,Геокодування!$B$2:$B$361,0))-50.5884)+ABS(INDEX(Геокодування!$D$2:$D$361,MATCH("Прилуки, Чернігівська обл., "&$A32,Геокодування!$B$2:$B$361,0))-32.3876)>0.15,"",INDEX(Геокодування!$D$2:$D$361,MATCH("Прилуки, Чернігівська обл., "&$A32,Геокодування!$B$2:$B$361,0))),"")))) -> 32.420833 | T32: =IF($O32="","",IFERROR(INDEX('Координати майданчиків'!$B$4:$B$64,MATCH($A32&IF($P32="","",", "&$P32),'Координати майданчиків'!$B$4:$B$64,0)),IFERROR(INDEX('Координати майданчиків'!$B$4:$B$64,MATCH($A32,'Координати майданчиків'!$B$4:$B$64,0)),"")))
A33: =IF($O33="","",LEFT($O33,FIND("|",$O33)-1)) -> 2 пров. В. Чорновола | B33: =IF($O33="","",MID($O33,FIND("|",$O33)+1,999)) | C33: {=IF($O33="","",_xlfn.TEXTJOIN(", ",TRUE,IF(EXACT('Дані_зв''язок'!$J$4:$J$1012,$O33)*('Дані_зв''язок'!$C$4:$C$1012=C$4),'Дані_зв''язок'!$D$4:$D$1012,"")))} | D33: {=IF($O33="","",_xlfn.TEXTJOIN(", ",TRUE,IF(EXACT('Дані_зв''язок'!$J$4:$J$1012,$O33)*('Дані_зв''язок'!$C$4:$C$1012=D$4),'Дані_зв''язок'!$D$4:$D$1012,"")))} | E33: {=IF($O33="","",_xlfn.TEXTJOIN(", ",TRUE,IF(EXACT('Дані_зв''язок'!$J$4:$J$1012,$O33)*('Дані_зв''язок'!$C$4:$C$1012=E$4),'Дані_зв''язок'!$D$4:$D$1012,"")))} | F33: {=IF($O33="","",_xlfn.TEXTJOIN(", ",TRUE,IF(EXACT('Дані_зв''язок'!$J$4:$J$1012,$O33)*('Дані_зв''язок'!$C$4:$C$1012=F$4),'Дані_зв''язок'!$D$4:$D$1012,"")))} | G33: {=IF($O33="","",_xlfn.TEXTJOIN(", ",TRUE,IF(EXACT('Дані_зв''язок'!$J$4:$J$1012,$O33)*('Дані_зв''язок'!$C$4:$C$1012=G$4),'Дані_зв''язок'!$D$4:$D$1012,"")))} -> 7:00 | H33: {=IF($O33="","",_xlfn.TEXTJOIN(", ",TRUE,IF(EXACT('Дані_зв''язок'!$J$4:$J$1012,$O33)*('Дані_зв''язок'!$C$4:$C$1012=H$4),'Дані_зв''язок'!$D$4:$D$1012,"")))} | I33: {=IF($O33="","",_xlfn.TEXTJOIN(", ",TRUE,IF(EXACT('Дані_зв''язок'!$J$4:$J$1012,$O33)*('Дані_зв''язок'!$C$4:$C$1012=I$4),'Дані_зв''язок'!$D$4:$D$1012,"")))} | J33: {=IF($O33="","",COUNTIF(C33:I33,"?*")+SUMPRODUCT(LEN(C33:I33)-LEN(SUBSTITUTE(C33:I33,",",""))))} -> 1 | K33: {=IF($O33="","",_xlfn.TEXTJOIN(", ",TRUE,IF(EXACT('Дані_зв''язок'!$J$4:$J$1012,$O33),'Дані_зв''язок'!$L$4:$L$1012,"")))} -> №5 | L33: {=IF($O33="","",_xlfn.TEXTJOIN(", ",TRUE,IF(EXACT('Дані_зв''язок'!$J$4:$J$1012,$O33),'Дані_зв''язок'!$M$4:$M$1012,"")))} -> МАЗ 4381 | M33: {=IF($O33="","",IF(SUMPRODUCT(MAX(EXACT('Дані_зв''язок'!$J$4:$J$1012,$O33)*IFERROR('Дані_зв''язок'!$H$4:$H$1012,0)))=0,"",SUMPRODUCT(MAX(EXACT('Дані_зв''язок'!$J$4:$J$1012,$O33)*IFERROR('Дані_зв''язок'!$H$4:$H$1012,0)))))} | O33: 2 пров. В. Чорновола| | P33: {=IF($O33="","",IF($B33="","",IFERROR(IF(MIN(IFERROR(VALUE(TRIM(MID(SUBSTITUTE(SUBSTITUTE($B33,","," ")," ",REPT(" ",30)),{1;31;61;91;121;151;181},30))),""))=0,"",MIN(IFERROR(VALUE(TRIM(MID(SUBSTITUTE(SUBSTITUTE($B33,","," ")," ",REPT(" ",30)),{1;31;61;91;121;151;181},30))),""))),"")))} | Q33: =IF($O33="","","Прилуки, Чернігівська обл., "&$A33&IF($P33="","",", "&$P33)) -> Прилуки, Чернігівська обл., 2 пров. В. Чорновола | R33: =IF($O33="","",IFERROR(INDEX('Координати майданчиків'!$H$4:$H$64,MATCH($T33,'Координати майданчиків'!$B$4:$B$64,0)),IFERROR(IF(ABS(INDEX(Геокодування!$C$2:$C$361,MATCH($Q33,Геокодування!$B$2:$B$361,0))-50.5884)+ABS(INDEX(Геокодування!$D$2:$D$361,MATCH($Q33,Геокодування!$B$2:$B$361,0))-32.3876)>0.15,"",INDEX(Геокодування!$C$2:$C$361,MATCH($Q33,Геокодування!$B$2:$B$361,0))),IFERROR(IF(ABS(INDEX(Геокодування!$C$2:$C$361,MATCH("Прилуки, Чернігівська обл., "&$A33,Геокодування!$B$2:$B$361,0))-50.5884)+ABS(INDEX(Геокодування!$D$2:$D$361,MATCH("Прилуки, Чернігівська обл., "&$A33,Геокодування!$B$2:$B$361,0))-32.3876)>0.15,"",INDEX(Геокодування!$C$2:$C$361,MATCH("Прилуки, Чернігівська обл., "&$A33,Геокодування!$B$2:$B$361,0))),"")))) -> 50.589177 | S33: =IF($O33="","",IFERROR(INDEX('Координати майданчиків'!$I$4:$I$64,MATCH($T33,'Координати майданчиків'!$B$4:$B$64,0)),IFERROR(IF(ABS(INDEX(Геокодування!$C$2:$C$361,MATCH($Q33,Геокодування!$B$2:$B$361,0))-50.5884)+ABS(INDEX(Геокодування!$D$2:$D$361,MATCH($Q33,Геокодування!$B$2:$B$361,0))-32.3876)>0.15,"",INDEX(Геокодування!$D$2:$D$361,MATCH($Q33,Геокодування!$B$2:$B$361,0))),IFERROR(IF(ABS(INDEX(Геокодування!$C$2:$C$361,MATCH("Прилуки, Чернігівська обл., "&$A33,Геокодування!$B$2:$B$361,0))-50.5884)+ABS(INDEX(Геокодування!$D$2:$D$361,MATCH("Прилуки, Чернігівська обл., "&$A33,Геокодування!$B$2:$B$361,0))-32.3876)>0.15,"",INDEX(Геокодування!$D$2:$D$361,MATCH("Прилуки, Чернігівська обл., "&$A33,Геокодування!$B$2:$B$361,0))),"")))) -> 32.369007 | T33: =IF($O33="","",IFERROR(INDEX('Координати майданчиків'!$B$4:$B$64,MATCH($A33&IF($P33="","",", "&$P33),'Координати майданчиків'!$B$4:$B$64,0)),IFERROR(INDEX('Координати майданчиків'!$B$4:$B$64,MATCH($A33,'Координати майданчиків'!$B$4:$B$64,0)),"")))
A34: =IF($O34="","",LEFT($O34,FIND("|",$O34)-1)) -> 2 пров. Героїв Прилук | B34: =IF($O34="","",MID($O34,FIND("|",$O34)+1,999)) -> 4, Гаражі | C34: {=IF($O34="","",_xlfn.TEXTJOIN(", ",TRUE,IF(EXACT('Дані_зв''язок'!$J$4:$J$1012,$O34)*('Дані_зв''язок'!$C$4:$C$1012=C$4),'Дані_зв''язок'!$D$4:$D$1012,"")))} | D34: {=IF($O34="","",_xlfn.TEXTJOIN(", ",TRUE,IF(EXACT('Дані_зв''язок'!$J$4:$J$1012,$O34)*('Дані_зв''язок'!$C$4:$C$1012=D$4),'Дані_зв''язок'!$D$4:$D$1012,"")))} | E34: {=IF($O34="","",_xlfn.TEXTJOIN(", ",TRUE,IF(EXACT('Дані_зв''язок'!$J$4:$J$1012,$O34)*('Дані_зв''язок'!$C$4:$C$1012=E$4),'Дані_зв''язок'!$D$4:$D$1012,"")))} | F34: {=IF($O34="","",_xlfn.TEXTJOIN(", ",TRUE,IF(EXACT('Дані_зв''язок'!$J$4:$J$1012,$O34)*('Дані_зв''язок'!$C$4:$C$1012=F$4),'Дані_зв''язок'!$D$4:$D$1012,"")))} | G34: {=IF($O34="","",_xlfn.TEXTJOIN(", ",TRUE,IF(EXACT('Дані_зв''язок'!$J$4:$J$1012,$O34)*('Дані_зв''язок'!$C$4:$C$1012=G$4),'Дані_зв''язок'!$D$4:$D$1012,"")))} -> 9:30 | H34: {=IF($O34="","",_xlfn.TEXTJOIN(", ",TRUE,IF(EXACT('Дані_зв''язок'!$J$4:$J$1012,$O34)*('Дані_зв''язок'!$C$4:$C$1012=H$4),'Дані_зв''язок'!$D$4:$D$1012,"")))} | I34: {=IF($O34="","",_xlfn.TEXTJOIN(", ",TRUE,IF(EXACT('Дані_зв''язок'!$J$4:$J$1012,$O34)*('Дані_зв''язок'!$C$4:$C$1012=I$4),'Дані_зв''язок'!$D$4:$D$1012,"")))} | J34: {=IF($O34="","",COUNTIF(C34:I34,"?*")+SUMPRODUCT(LEN(C34:I34)-LEN(SUBSTITUTE(C34:I34,",",""))))} -> 1 | K34: {=IF($O34="","",_xlfn.TEXTJOIN(", ",TRUE,IF(EXACT('Дані_зв''язок'!$J$4:$J$1012,$O34),'Дані_зв''язок'!$L$4:$L$1012,"")))} -> №6 | L34: {=IF($O34="","",_xlfn.TEXTJOIN(", ",TRUE,IF(EXACT('Дані_зв''язок'!$J$4:$J$1012,$O34),'Дані_зв''язок'!$M$4:$M$1012,"")))} -> АТ 4021 | M34: {=IF($O34="","",IF(SUMPRODUCT(MAX(EXACT('Дані_зв''язок'!$J$4:$J$1012,$O34)*IFERROR('Дані_зв''язок'!$H$4:$H$1012,0)))=0,"",SUMPRODUCT(MAX(EXACT('Дані_зв''язок'!$J$4:$J$1012,$O34)*IFERROR('Дані_зв''язок'!$H$4:$H$1012,0)))))} | O34: 2 пров. Героїв Прилук|4, Гаражі | P34: {=IF($O34="","",IF($B34="","",IFERROR(IF(MIN(IFERROR(VALUE(TRIM(MID(SUBSTITUTE(SUBSTITUTE($B34,","," ")," ",REPT(" ",30)),{1;31;61;91;121;151;181},30))),""))=0,"",MIN(IFERROR(VALUE(TRIM(MID(SUBSTITUTE(SUBSTITUTE($B34,","," ")," ",REPT(" ",30)),{1;31;61;91;121;151;181},30))),""))),"")))} -> 4 | Q34: =IF($O34="","","Прилуки, Чернігівська обл., "&$A34&IF($P34="","",", "&$P34)) -> Прилуки, Чернігівська обл., 2 пров. Героїв Прилук, 4 | R34: =IF($O34="","",IFERROR(INDEX('Координати майданчиків'!$H$4:$H$64,MATCH($T34,'Координати майданчиків'!$B$4:$B$64,0)),IFERROR(IF(ABS(INDEX(Геокодування!$C$2:$C$361,MATCH($Q34,Геокодування!$B$2:$B$361,0))-50.5884)+ABS(INDEX(Геокодування!$D$2:$D$361,MATCH($Q34,Геокодування!$B$2:$B$361,0))-32.3876)>0.15,"",INDEX(Геокодування!$C$2:$C$361,MATCH($Q34,Геокодування!$B$2:$B$361,0))),IFERROR(IF(ABS(INDEX(Геокодування!$C$2:$C$361,MATCH("Прилуки, Чернігівська обл., "&$A34,Геокодування!$B$2:$B$361,0))-50.5884)+ABS(INDEX(Геокодування!$D$2:$D$361,MATCH("Прилуки, Чернігівська обл., "&$A34,Геокодування!$B$2:$B$361,0))-32.3876)>0.15,"",INDEX(Геокодування!$C$2:$C$361,MATCH("Прилуки, Чернігівська обл., "&$A34,Геокодування!$B$2:$B$361,0))),"")))) -> 50.609362 | S34: =IF($O34="","",IFERROR(INDEX('Координати майданчиків'!$I$4:$I$64,MATCH($T34,'Координати майданчиків'!$B$4:$B$64,0)),IFERROR(IF(ABS(INDEX(Геокодування!$C$2:$C$361,MATCH($Q34,Геокодування!$B$2:$B$361,0))-50.5884)+ABS(INDEX(Геокодування!$D$2:$D$361,MATCH($Q34,Геокодування!$B$2:$B$361,0))-32.3876)>0.15,"",INDEX(Геокодування!$D$2:$D$361,MATCH($Q34,Геокодування!$B$2:$B$361,0))),IFERROR(IF(ABS(INDEX(Геокодування!$C$2:$C$361,MATCH("Прилуки, Чернігівська обл., "&$A34,Геокодування!$B$2:$B$361,0))-50.5884)+ABS(INDEX(Геокодування!$D$2:$D$361,MATCH("Прилуки, Чернігівська обл., "&$A34,Геокодування!$B$2:$B$361,0))-32.3876)>0.15,"",INDEX(Геокодування!$D$2:$D$361,MATCH("Прилуки, Чернігівська обл., "&$A34,Геокодування!$B$2:$B$361,0))),"")))) -> 32.395559 | T34: =IF($O34="","",IFERROR(INDEX('Координати майданчиків'!$B$4:$B$64,MATCH($A34&IF($P34="","",", "&$P34),'Координати майданчиків'!$B$4:$B$64,0)),IFERROR(INDEX('Координати майданчиків'!$B$4:$B$64,MATCH($A34,'Координати майданчиків'!$B$4:$B$64,0)),"")))
A35: =IF($O35="","",LEFT($O35,FIND("|",$O35)-1)) -> 2 пров. Героїв Чорнобиля | B35: =IF($O35="","",MID($O35,FIND("|",$O35)+1,999)) -> 27,20 7,2 | C35: {=IF($O35="","",_xlfn.TEXTJOIN(", ",TRUE,IF(EXACT('Дані_зв''язок'!$J$4:$J$1012,$O35)*('Дані_зв''язок'!$C$4:$C$1012=C$4),'Дані_зв''язок'!$D$4:$D$1012,"")))} | D35: {=IF($O35="","",_xlfn.TEXTJOIN(", ",TRUE,IF(EXACT('Дані_зв''язок'!$J$4:$J$1012,$O35)*('Дані_зв''язок'!$C$4:$C$1012=D$4),'Дані_зв''язок'!$D$4:$D$1012,"")))} -> 13:45 | E35: {=IF($O35="","",_xlfn.TEXTJOIN(", ",TRUE,IF(EXACT('Дані_зв''язок'!$J$4:$J$1012,$O35)*('Дані_зв''язок'!$C$4:$C$1012=E$4),'Дані_зв''язок'!$D$4:$D$1012,"")))} | F35: {=IF($O35="","",_xlfn.TEXTJOIN(", ",TRUE,IF(EXACT('Дані_зв''язок'!$J$4:$J$1012,$O35)*('Дані_зв''язок'!$C$4:$C$1012=F$4),'Дані_зв''язок'!$D$4:$D$1012,"")))} | G35: {=IF($O35="","",_xlfn.TEXTJOIN(", ",TRUE,IF(EXACT('Дані_зв''язок'!$J$4:$J$1012,$O35)*('Дані_зв''язок'!$C$4:$C$1012=G$4),'Дані_зв''язок'!$D$4:$D$1012,"")))} | H35: {=IF($O35="","",_xlfn.TEXTJOIN(", ",TRUE,IF(EXACT('Дані_зв''язок'!$J$4:$J$1012,$O35)*('Дані_зв''язок'!$C$4:$C$1012=H$4),'Дані_зв''язок'!$D$4:$D$1012,"")))} | I35: {=IF($O35="","",_xlfn.TEXTJOIN(", ",TRUE,IF(EXACT('Дані_зв''язок'!$J$4:$J$1012,$O35)*('Дані_зв''язок'!$C$4:$C$1012=I$4),'Дані_зв''язок'!$D$4:$D$1012,"")))} | J35: {=IF($O35="","",COUNTIF(C35:I35,"?*")+SUMPRODUCT(LEN(C35:I35)-LEN(SUBSTITUTE(C35:I35,",",""))))} -> 1 | K35: {=IF($O35="","",_xlfn.TEXTJOIN(", ",TRUE,IF(EXACT('Дані_зв''язок'!$J$4:$J$1012,$O35),'Дані_зв''язок'!$L$4:$L$1012,"")))} -> №6 | L35: {=IF($O35="","",_xlfn.TEXTJOIN(", ",TRUE,IF(EXACT('Дані_зв''язок'!$J$4:$J$1012,$O35),'Дані_зв''язок'!$M$4:$M$1012,"")))} -> АТ 4021 | M35: {=IF($O35="","",IF(SUMPRODUCT(MAX(EXACT('Дані_зв''язок'!$J$4:$J$1012,$O35)*IFERROR('Дані_зв''язок'!$H$4:$H$1012,0)))=0,"",SUMPRODUCT(MAX(EXACT('Дані_зв''язок'!$J$4:$J$1012,$O35)*IFERROR('Дані_зв''язок'!$H$4:$H$1012,0)))))} | O35: 2 пров. Героїв Чорнобиля|27,20 7,2 | P35: {=IF($O35="","",IF($B35="","",IFERROR(IF(MIN(IFERROR(VALUE(TRIM(MID(SUBSTITUTE(SUBSTITUTE($B35,","," ")," ",REPT(" ",30)),{1;31;61;91;121;151;181},30))),""))=0,"",MIN(IFERROR(VALUE(TRIM(MID(SUBSTITUTE(SUBSTITUTE($B35,","," ")," ",REPT(" ",30)),{1;31;61;91;121;151;181},30))),""))),"")))} -> 2 | Q35: =IF($O35="","","Прилуки, Чернігівська обл., "&$A35&IF($P35="","",", "&$P35)) -> Прилуки, Чернігівська обл., 2 пров. Героїв Чорнобиля, 2 | R35: =IF($O35="","",IFERROR(INDEX('Координати майданчиків'!$H$4:$H$64,MATCH($T35,'Координати майданчиків'!$B$4:$B$64,0)),IFERROR(IF(ABS(INDEX(Геокодування!$C$2:$C$361,MATCH($Q35,Геокодування!$B$2:$B$361,0))-50.5884)+ABS(INDEX(Геокодування!$D$2:$D$361,MATCH($Q35,Геокодування!$B$2:$B$361,0))-32.3876)>0.15,"",INDEX(Геокодування!$C$2:$C$361,MATCH($Q35,Геокодування!$B$2:$B$361,0))),IFERROR(IF(ABS(INDEX(Геокодування!$C$2:$C$361,MATCH("Прилуки, Чернігівська обл., "&$A35,Геокодування!$B$2:$B$361,0))-50.5884)+ABS(INDEX(Геокодування!$D$2:$D$361,MATCH("Прилуки, Чернігівська обл., "&$A35,Геокодування!$B$2:$B$361,0))-32.3876)>0.15,"",INDEX(Геокодування!$C$2:$C$361,MATCH("Прилуки, Чернігівська обл., "&$A35,Геокодування!$B$2:$B$361,0))),"")))) -> 50.594935 | S35: =IF($O35="","",IFERROR(INDEX('Координати майданчиків'!$I$4:$I$64,MATCH($T35,'Координати майданчиків'!$B$4:$B$64,0)),IFERROR(IF(ABS(INDEX(Геокодування!$C$2:$C$361,MATCH($Q35,Геокодування!$B$2:$B$361,0))-50.5884)+ABS(INDEX(Геокодування!$D$2:$D$361,MATCH($Q35,Геокодування!$B$2:$B$361,0))-32.3876)>0.15,"",INDEX(Геокодування!$D$2:$D$361,MATCH($Q35,Геокодування!$B$2:$B$361,0))),IFERROR(IF(ABS(INDEX(Геокодування!$C$2:$C$361,MATCH("Прилуки, Чернігівська обл., "&$A35,Геокодування!$B$2:$B$361,0))-50.5884)+ABS(INDEX(Геокодування!$D$2:$D$361,MATCH("Прилуки, Чернігівська обл., "&$A35,Геокодування!$B$2:$B$361,0))-32.3876)>0.15,"",INDEX(Геокодування!$D$2:$D$361,MATCH("Прилуки, Чернігівська обл., "&$A35,Геокодування!$B$2:$B$361,0))),"")))) -> 32.415867 | T35: =IF($O35="","",IFERROR(INDEX('Координати майданчиків'!$B$4:$B$64,MATCH($A35&IF($P35="","",", "&$P35),'Координати майданчиків'!$B$4:$B$64,0)),IFERROR(INDEX('Координати майданчиків'!$B$4:$B$64,MATCH($A35,'Координати майданчиків'!$B$4:$B$64,0)),"")))
A36: =IF($O36="","",LEFT($O36,FIND("|",$O36)-1)) -> 2 пров. Дослідний | B36: =IF($O36="","",MID($O36,FIND("|",$O36)+1,999)) | C36: {=IF($O36="","",_xlfn.TEXTJOIN(", ",TRUE,IF(EXACT('Дані_зв''язок'!$J$4:$J$1012,$O36)*('Дані_зв''язок'!$C$4:$C$1012=C$4),'Дані_зв''язок'!$D$4:$D$1012,"")))} -> 8:15 | D36: {=IF($O36="","",_xlfn.TEXTJOIN(", ",TRUE,IF(EXACT('Дані_зв''язок'!$J$4:$J$1012,$O36)*('Дані_зв''язок'!$C$4:$C$1012=D$4),'Дані_зв''язок'!$D$4:$D$1012,"")))} | E36: {=IF($O36="","",_xlfn.TEXTJOIN(", ",TRUE,IF(EXACT('Дані_зв''язок'!$J$4:$J$1012,$O36)*('Дані_зв''язок'!$C$4:$C$1012=E$4),'Дані_зв''язок'!$D$4:$D$1012,"")))} | F36: {=IF($O36="","",_xlfn.TEXTJOIN(", ",TRUE,IF(EXACT('Дані_зв''язок'!$J$4:$J$1012,$O36)*('Дані_зв''язок'!$C$4:$C$1012=F$4),'Дані_зв''язок'!$D$4:$D$1012,"")))} | G36: {=IF($O36="","",_xlfn.TEXTJOIN(", ",TRUE,IF(EXACT('Дані_зв''язок'!$J$4:$J$1012,$O36)*('Дані_зв''язок'!$C$4:$C$1012=G$4),'Дані_зв''язок'!$D$4:$D$1012,"")))} | H36: {=IF($O36="","",_xlfn.TEXTJOIN(", ",TRUE,IF(EXACT('Дані_зв''язок'!$J$4:$J$1012,$O36)*('Дані_зв''язок'!$C$4:$C$1012=H$4),'Дані_зв''язок'!$D$4:$D$1012,"")))} | I36: {=IF($O36="","",_xlfn.TEXTJOIN(", ",TRUE,IF(EXACT('Дані_зв''язок'!$J$4:$J$1012,$O36)*('Дані_зв''язок'!$C$4:$C$1012=I$4),'Дані_зв''язок'!$D$4:$D$1012,"")))} | J36: {=IF($O36="","",COUNTIF(C36:I36,"?*")+SUMPRODUCT(LEN(C36:I36)-LEN(SUBSTITUTE(C36:I36,",",""))))} -> 1 | K36: {=IF($O36="","",_xlfn.TEXTJOIN(", ",TRUE,IF(EXACT('Дані_зв''язок'!$J$4:$J$1012,$O36),'Дані_зв''язок'!$L$4:$L$1012,"")))} -> №5 | L36: {=IF($O36="","",_xlfn.TEXTJOIN(", ",TRUE,IF(EXACT('Дані_зв''язок'!$J$4:$J$1012,$O36),'Дані_зв''язок'!$M$4:$M$1012,"")))} -> МАЗ 4381 | M36: {=IF($O36="","",IF(SUMPRODUCT(MAX(EXACT('Дані_зв''язок'!$J$4:$J$1012,$O36)*IFERROR('Дані_зв''язок'!$H$4:$H$1012,0)))=0,"",SUMPRODUCT(MAX(EXACT('Дані_зв''язок'!$J$4:$J$1012,$O36)*IFERROR('Дані_зв''язок'!$H$4:$H$1012,0)))))} | O36: 2 пров. Дослідний| | P36: {=IF($O36="","",IF($B36="","",IFERROR(IF(MIN(IFERROR(VALUE(TRIM(MID(SUBSTITUTE(SUBSTITUTE($B36,","," ")," ",REPT(" ",30)),{1;31;61;91;121;151;181},30))),""))=0,"",MIN(IFERROR(VALUE(TRIM(MID(SUBSTITUTE(SUBSTITUTE($B36,","," ")," ",REPT(" ",30)),{1;31;61;91;121;151;181},30))),""))),"")))} | Q36: =IF($O36="","","Прилуки, Чернігівська обл., "&$A36&IF($P36="","",", "&$P36)) -> Прилуки, Чернігівська обл., 2 пров. Дослідний | R36: =IF($O36="","",IFERROR(INDEX('Координати майданчиків'!$H$4:$H$64,MATCH($T36,'Координати майданчиків'!$B$4:$B$64,0)),IFERROR(IF(ABS(INDEX(Геокодування!$C$2:$C$361,MATCH($Q36,Геокодування!$B$2:$B$361,0))-50.5884)+ABS(INDEX(Геокодування!$D$2:$D$361,MATCH($Q36,Геокодування!$B$2:$B$361,0))-32.3876)>0.15,"",INDEX(Геокодування!$C$2:$C$361,MATCH($Q36,Геокодування!$B$2:$B$361,0))),IFERROR(IF(ABS(INDEX(Геокодування!$C$2:$C$361,MATCH("Прилуки, Чернігівська обл., "&$A36,Геокодування!$B$2:$B$361,0))-50.5884)+ABS(INDEX(Геокодування!$D$2:$D$361,MATCH("Прилуки, Чернігівська обл., "&$A36,Геокодування!$B$2:$B$361,0))-32.3876)>0.15,"",INDEX(Геокодування!$C$2:$C$361,MATCH("Прилуки, Чернігівська обл., "&$A36,Геокодування!$B$2:$B$361,0))),"")))) -> 50.57777 | S36: =IF($O36="","",IFERROR(INDEX('Координати майданчиків'!$I$4:$I$64,MATCH($T36,'Координати майданчиків'!$B$4:$B$64,0)),IFERROR(IF(ABS(INDEX(Геокодування!$C$2:$C$361,MATCH($Q36,Геокодування!$B$2:$B$361,0))-50.5884)+ABS(INDEX(Геокодування!$D$2:$D$361,MATCH($Q36,Геокодування!$B$2:$B$361,0))-32.3876)>0.15,"",INDEX(Геокодування!$D$2:$D$361,MATCH($Q36,Геокодування!$B$2:$B$361,0))),IFERROR(IF(ABS(INDEX(Геокодування!$C$2:$C$361,MATCH("Прилуки, Чернігівська обл., "&$A36,Геокодування!$B$2:$B$361,0))-50.5884)+ABS(INDEX(Геокодування!$D$2:$D$361,MATCH("Прилуки, Чернігівська обл., "&$A36,Геокодування!$B$2:$B$361,0))-32.3876)>0.15,"",INDEX(Геокодування!$D$2:$D$361,MATCH("Прилуки, Чернігівська обл., "&$A36,Геокодування!$B$2:$B$361,0))),"")))) -> 32.368593 | T36: =IF($O36="","",IFERROR(INDEX('Координати майданчиків'!$B$4:$B$64,MATCH($A36&IF($P36="","",", "&$P36),'Координати майданчиків'!$B$4:$B$64,0)),IFERROR(INDEX('Координати майданчиків'!$B$4:$B$64,MATCH($A36,'Координати майданчиків'!$B$4:$B$64,0)),"")))
